0,video_id,predicted_tags
0,9007f33c8347924ffa12f922da2a179d,Спорт: Дартс
1,9012707c45233bd601dead57bc9e2eca,Массовая культура: Скандалы знаменитостей
2,e01d6ebabbc27e323fa1b7c581e9b96a,Медицина: Медицинские направления: Нарушения сна
3,a00b145242be3ebc3b311455e94917af,Спорт: Автогонки
4,b01a682bf4dfcc09f1e8fac5bc18785a,Хобби и интересы: Декоративно-прикладное искусство: Бисероплетение
5,f02709d3f6b2fbd265863ef538b13c0a,Здоровый образ жизни
6,f02fceb454008fe7907b47324569b845,Образование: Высшее образование: Аспирантура и магистратура
7,c02e68f64c25f55afb78ba5f7c8b66bc,Хобби и интересы: Радиоуправление
8,8023d3d7dced55a0bcd6356c5715a6f9,Спорт: Олимпийские виды спорта: Зимние олимпийские виды спорта
9,90203d59857ed1fbb1c3142aa1fe7714,Карьера: Профессиональная подготовка
10,a019c03cdf1a178ce95f49bb737d0bf8,Стиль и красота: Высокая мода
11,f03fcac78a2a91e2dab71e8f2ead04bc,События и достопримечательности: Активный отдых
12,f0405a36429b3211cb199ae7bfc8fc3e,Религия и духовность: Астрология
13,c037b00580b5fcd9b8b85f3c83b01591,Спорт: Крикет
14,102bb472ee65363449aa48b60a4febdf,Здоровый образ жизни: Мужское здоровье
15,10301c4103e9ec96d020d11ff0b04f67,Хобби и интересы: Декоративно-прикладное искусство: Изготовление свечей и мыла
16,20393a2f7223092a39a49c9329b1b783,Семья и отношения: Развод
17,80586f50ab71963113896b9b6d01a5dc,Новости и политика: Политика: Война и конфликты
18,00475f4f136b32da5d7fc9cd41d24664,Музыка и аудио: Мировые хиты
19,204218ca962308bfb754858b04cb0b22,Еда и напитки: Барбекю и гриль
20,104cacd2d839a87364fdcdf1b736ed65,Здоровый образ жизни: Методики оздоровления: Отказ от курения
21,b062dfff603f5b5764561fe78c1fb19a,Дом и сад: Ремонт
22,205a62c1c81b8503d8335c9777203361,Фильмы и анимация: Криминал и детективы
23,806e572c94adf5e4deb8041d8f094d91,Семья и отношения: Холостая жизнь
24,305a910846f9d43507d2a2147510d4d7,Путешествия: Тип путешествия: Семейный отдых
25,3066134b942a01ec8c5c86b4848c884c,Карьера: Профориентация
26,f07a620713384d5cee4164613ec19a94,Семья и отношения: Развод
27,f07d0cf4651f31719341d33aeffa7f0e,Хобби и интересы: Мастер-классы
28,f07efcd6306551a163b9310035527ab4,Карьера: Профессиональная подготовка
29,106bd13b84f390cce9d369571604ab75,Семья и отношения: Развод
30,e082d4ce348a0b2b18804eabdc5c2a33,События и достопримечательности: Личные события: День рождения
31,c093daa4f0e96d8f2e4736c9240898f3,Хобби и интересы: Антиквариат
32,f08a8b29d9aded344f72b09ea85bbb13,Карьера: Профориентация
33,3074a6f05a1b34778e063cf8300de98b,События и достопримечательности: Личные события: Выпускной в школе
34,908fdc7c1846b14320528fa5f7504298,Образование: Среднее образование
35,706e757f5257e49bc6f8bf74e50ae955,Хобби и интересы: Мастер-классы
36,d08e259307080f66b9ae4e7137f2c24b,Изобразительное искусство: Опера
37,d08fdea8b4a2cf65170edce7844b37e5,Наука: Космос и астрономия
38,609ea8d5016f0fccf5a8fa6887911349,Образование: Высшее образование: Бакалавриат
39,8093b5a62645bb2db9476a4b2e6f1c9d,Карьера
40,809cf37aa35541e9c82d710ae3881b4d,Путешествия: Тип путешествия: Семейный отдых
41,4092b7a52d60cb0f1520217bb832a1e9,Семья и отношения: Развод
42,d0a5978d7f1eea70b455da520f290413,Хобби и интересы: Антиквариат
43,30960460cdfb61a9a3d6af807c2a012a,Семья и отношения: Брак и гражданские союзы
44,709b7ef8c3ff32c399401b3e3c496e35,Транспорт: Типы автомобилей: Подержанные автомобили
45,10ad72201a4eb85e058abde339189eb1,Хобби и интересы: Паранормальные явления
46,90b401750298cb302d1e273588bc945d,Здоровый образ жизни: Методики оздоровления: Отказ от курения
47,90bd4eba02436cf54969cd7224d5028d,Стиль и красота: Красота: Маникюр
48,309b0b6dd7d0a2aff2dafe2b394c0da8,Музыка и аудио: Мировые хиты
49,b0b99ad0846e995280c7622350944d11,Хобби и интересы: Игры и головоломки
50,709ef154f73d635a13f816be1f6c7540,Карьера: Поиск работы: Ярмарки вакансий
51,d0cb9d11232e5547839b94c073feb9fc,Хобби и интересы: Антиквариат
52,80c66d0a5100649a52099f18d204a402,Семья и отношения: Холостая жизнь
53,a0c9cc64088f25405de0588ec7a4caba,Карьера
54,10cc50e22909435efe61e7bcb3869aa7,Новости и политика: Политика: Война и конфликты
55,40c3ca718bda344a08dd059060eb3aee,Спорт: Дартс
56,d0ed54ee8ebd57841254e87d26f840ac,Хобби и интересы: Антиквариат
57,e0e1f01b42e805f043efb437109bc637,Хобби и интересы: Фокусы и иллюзионизм
58,50c21056c86938b2db72b2390a8657a1,Хобби и интересы: Декоративно-прикладное искусство: Изготовление свечей и мыла
59,50c6ac5b1962519d47dff843ac80023c,Музыка и аудио: Мировые хиты
60,50d0397e90ccf8b75d359e6a9630b163,Медицина: Медицинские направления: Алкогольная и наркотическая зависимость
61,80dec76cac626ae328461eb913ac5139,Хобби и интересы: Декоративно-прикладное искусство: Скрапбукинг
62,a0db44ff60f5f356942a41ccaa69a5df,Хобби и интересы: Антиквариат
63,20bb74ac4ec09d9ade144c2dc051b17e,Здоровый образ жизни
64,c10ad8d1aadb2f5a8ae48b80a91e4d2d,Семья и отношения: Развод
65,00efa58930724f2ae6f9916f53cda3b3,Спорт: Дартс
66,40ea820dd22e157308d92dfffa7fb7d6,Хобби и интересы: Радиоуправление
67,f108e7d45c3cb463d0d5b6f897022821,Путешествия
68,c11e29c0a53677dac8efbf7b38d80d69,Хобби и интересы: Декоративно-прикладное искусство: Рукоделие
69,50f947a71f1a3ea225a3af7b2ff45f86,Карьера: Профориентация
70,41023c4b1b127ee26f13d9754a311e92,Спорт: Рыбалка
71,f1167000161da720184e56d08935943f,Еда и напитки: Безалкогольные напитки
72,a0fc183f8d20199569310a7b1e34208e,Хобби и интересы: Мастер-классы
73,810b7cd2f524189f05ed4d9fc28c2ede,Новости и политика: Закон
74,e118ee12697b72ec7e06f648804f624f,Еда и напитки: Инновации и тренды в кулинарии
75,b1040c36919320a09bd785c7f10e0094,Здоровый образ жизни: Методики оздоровления: Отказ от курения
76,b106a0ef622941e111bd6321bfea4186,Недвижимость: Дома
77,b10c63b93f57495e5e7dfb80c5b75fb1,Книги и литература: Кулинарные книги
78,010b862ffcb7867b1680cb42dc61308d,Здоровый образ жизни
79,010c20565c7348d941bd6aff078cb05e,Музыка и аудио: Регги
80,f124e34dc9d8e3b6decc68b78461d813,Семья и отношения: Смерть родственников
81,310621b7d584316a13f148922d50c161,Хобби и интересы: Радиоуправление
82,c140fc83c86ff4c5632287a0e51e4d14,Карьера: Удаленная работа
83,81398158d594839468bc1f5fe29ed978,Семья и отношения: Смерть родственников
84,511ee49b8e0986ca96453031fb617ef4,События и достопримечательности: Церемонии награждений
85,f13738d2d0cf6cfd573fcf07ee8a1e54,Массовая культура: Смерти знаменитостей
86,c1521baa75287b6432927ad86d2ec865,Образование: Среднее образование
87,b123152950a449900a92d3b5c01cb18c,Образование: Высшее образование: Бакалавриат
88,1139cb90feffbb3b435cb720f8e7c426,Массовая культура: Скандалы знаменитостей
89,211ab5a9e9c2a5eb0cd6b839e7a58abd,Еда и напитки: Безалкогольные напитки
90,01297658a3104ac363f89bf0a569237b,События и достопримечательности: Фан-конвенции
91,51304cc9ff8e942ce481282b6952dd86,Музыка и аудио: Регги
92,a12eeb1aaff250bb4e7755042726477c,Семья и отношения: Развод
93,a13338b2adcbe3dbb441c5f6e0e3d7da,Музыка и аудио: Мировые хиты
94,f147d416e46c1ed3b19e34c9f355a378,Спорт: Настольный теннис
95,9143ffe5052ed8b7a482ce347cc69397,Здоровый образ жизни: Методики оздоровления: Отказ от курения
96,61575021ed9ef2f2804c65666c16d1e9,Семья и отношения: Смерть родственников
97,6159b963730426f3d3e8ef52a2ee206d,Спорт: Конный спорт: Скачки
98,0147494427fd7c8ca54c01648485693a,Массовая культура: Отношения знаменитостей
99,c171f18053b576bf9b6965be3d2cc015,Здоровый образ жизни: Здоровье пожилых людей
100,f163b76c109deabb92ce6fd1c5fd9cff,События и достопримечательности: Церемонии награждений
101,3152309035b37ede20f67dc43b2897e6,Массовая культура: Семьи знаменитостей
102,d1739b7f468df06950481fdf6641e45c,Хобби и интересы: Мастер-классы
103,e17b2853fb5f54b05ae0d59e816f170d,Недвижимость
104,016be89520c118d8c2cea498b6073842,Хобби и интересы: Антиквариат
105,c1a703c9c7304be8e217e18ab2b5cd8b,Образование: Высшее образование: Бакалавриат
106,6197892a66f7c10c3f0ca14a95d61bc8,Хобби и интересы: Наблюдение за птицами
107,a189a686c63b0fbcbc9d07467e88be99,Недвижимость
108,e196f6aadf36985398fc6b43d0036a89,Массовая культура: Скандалы знаменитостей
109,4184762cc32e1a4a3da074bacfd775c8,Хобби и интересы: Мастер-классы
110,216c70b083cdd8deb59f5866d59b60dc,Спорт: Автогонки: Мотоспорт
111,2170fb9a68932b49384c6bb9f52862c6,Транспорт: Мотоциклы
112,a1a4c975ddc44ffa099f29904f2aee8c,Личные финансы: Страхование: Страхование жизни
113,71811e8defec7d48a91a83e934f86d00,Музыка и аудио: Блюз
114,91a7789247a66c4316ad08721bdeb95d,Семья и отношения: Брак и гражданские союзы
115,91abdb8057dbe7cd02a524cba60e5a6f,Новости и политика: Катастрофы
116,91b37ef929850ed0fe0b862cb2b6d82b,Хобби и интересы: Антиквариат
117,e1b476bbbbd81d03bbbce7466a961c6f,Еда и напитки: Безалкогольные напитки
118,719cd00cd1950e6c12baa6d20dce447c,Хобби и интересы: Антиквариат
119,91c595da4cc046e1113859e840958efb,Карьера: Поиск работы: Ярмарки вакансий
120,f1ca5b6d7f51f6761160560f1abf9f24,Карьера: Удаленная работа
121,01bd6b00e670655ca7ff484ff55d8ad9,Карьера
122,11d53b5fa5ac7709919ffcfd01150a3a,Дом и сад: Ремонт
123,71b4f52775492b2d98b96842b5bf958b,Семья и отношения: Холостая жизнь
124,71bc851a38e363130743447d921f9dca,Стиль и красота: Высокая мода
125,51d1cf74bc5e84c7685a5f3afa203e73,Стиль и красота: Женская мода
126,61f4f59c097f6ddce213833f5e1bc52c,Музыка и аудио: Регги
127,31f032a104b535631926223400c2c7d9,Хобби и интересы: Мастер-классы
128,b1d77da00cd4df1b1274ce63092c854a,Спорт: Олимпийские виды спорта: Летние олимпийские виды спорта
129,c20816574d18f251cc0cb896aed1b58b,Спорт: Дартс
130,f1e6e04929cbee1809d89d6fb4a70f1d,Массовая культура: Беременности знаменитостей
131,41cf36061f6b88cb700d0e6f9c7cf6c6,Спорт: Олимпийские виды спорта: Зимние олимпийские виды спорта
132,21bce37163a4a8c228b33f42510ebd76,Хобби и интересы: Антиквариат
133,21c8bed61bc017e49828354f9e4b0fee,Еда и напитки: Десерты и выпечка
134,01dcabe37935dbbffd389c22c327f361,Музыка и аудио: Блюз
135,b1de3019dd275adf1f757eecd0609147,Карьера: Профориентация
136,b1ebd4186a8cfc77d135b8778c7f9420,Еда и напитки: Барбекю и гриль
137,e1fd71fc161933ac2bb9ad430f316d4d,Хобби и интересы: Декоративно-прикладное искусство: Изготовление свечей и мыла
138,51f1435413c4e6ef79f6346e6ddc6c51,Еда и напитки: Кулинария
139,21cdb40aeec162817f0ae165ba07defc,Спорт: Рыбалка
140,6214676f83a6217f2b7667119c5f1bc5,Карьера: Стажировки
141,b1ee6389d43e0a7705ddf03fa8b0afde,Медицина: Медицинские направления: Инфекционные заболевания
142,c233ef836c848d7c864db41bb42cd8ef,Информационные технологии: Бытовая электроника: Домашние развлекательные системы
143,e20c2f022cd7721e8bda76fbca047604,Путешествия: Тип путешествия: Отели
144,21df39a7060a016c034c555761714b62,Хобби и интересы: Антиквариат
145,92196403ca5a37f3b2a268f11f74356a,Семья и отношения: Смерть родственников
146,b201e890b2b56f1991bbd8aab71d8c4f,Карьера: Поиск работы
147,b20d60ba24b45b52872e0191ca7da75f,Книги и литература
148,e21b714226f1a195ddda70fec1c62fab,Массовая культура: Юмор и сатира
149,e2235520f7d27eb7019763491c1793cb,Хобби и интересы: Декоративно-прикладное искусство: Изготовление свечей и мыла
150,22011b712f8623f67868a9217dacc374,Хобби и интересы: Мастер-классы
151,32281b1fb6e3ee2fe3b7a75dd723e8c7,Музыка и аудио: Мировые хиты
152,322de209c46e6498294ad8c33d37a5fa,Новости и политика: Политика: Война и конфликты
153,720aacc65466b1f87eaf294a6a50999b,Хобби и интересы: Создание контента: Создание аудиоконтента
154,82466381c1f1cef3a542706654823be7,Семья и отношения: Развод
155,b22a4cc53f1a2ceb3c6a627e62fb9fe6,Образование: Высшее образование
156,a2404a2daf5898d5a41c954531f3ff94,Семья и отношения: Холостая жизнь
157,0229d6d84fabedd40dcc4f892091d352,Спорт: Дартс
158,924fcffdc984bbb3ffae5b14974b3c42,Недвижимость: Дома
159,c25b43466a566c4a9bfe2d142505371b,Стиль и красота: Женская мода: Женская одежда
160,6256e733456e7179c39372d0d7bf2ce4,Здоровый образ жизни: Похудение
161,625a2b1360740a541cacf6328b9e903c,Фильмы и анимация: Фэнтези
162,826760161b28b0ca4e5c12267ec84a90,Транспорт: Мотоциклы
163,4231958ed9fc366f35afb4babf70e2bf,Медицина: Вакцины
164,223beb3f642faf0ffd4c54c6cf099001,Путешествия: Тип путешествия: Путешествия на машине
165,723f00953a85be57c8f9f65c31ec0200,Личные финансы: Финансовая помощь: Финансовая помощь студентам
166,828452daae0721b620553368b6b142c3,Хобби и интересы: Фокусы и иллюзионизм
167,2254a66f67d556ae910b7a0f41747821,Медицина: Вакцины
168,5260e66e33c0f1c659f70a14da320bf7,Семья и отношения: Развод
169,f283aa882c8a9e35dda57008ba4698a9,Здоровый образ жизни: Похудение
170,b26a6ca31a9a5675198128867d1458fc,Хобби и интересы: Антиквариат
171,328cb5e097c3ae867e204620414efdc9,Еда и напитки: Барбекю и гриль
172,628d4863d31c65a605519a24ec36c1fb,Массовая культура: Скандалы знаменитостей
173,725d94e564c54bbc2dae68fc8397be4c,События и достопримечательности: События мира моды
174,a29362959e89d984a8171fed6816d4db,Образование: Среднее образование
175,a2a5001fa42a4742eadaaf5f03a4dd7b,События и достопримечательности: Личные события: Выпускной в школе
176,12a03eff577b3b6bfa2ecc88e78ddfb1,Путешествия
177,12b6da95c7de4d479c35e68fe5c35062,Книги и литература: Кулинарные книги
178,d2af79d022ba7020ac9942581fc84792,Карьера: Профориентация
179,42841d5b9d56d59e8ee82cf8b102cc2c,Религия и духовность: Агностицизм
180,f2b2785c9a3fd3e112d6eeffbc2bfb13,Карьера
181,f2bf833bb7268418dc4744fe3a349e16,Медицина: Медицинские направления: Травмы
182,32ce37e355e017bcf4104a727c3ac306,Спорт: Олимпийские виды спорта: Зимние олимпийские виды спорта
183,f2ca53bf66c8e202d6093e4c360e3cfb,Хобби и интересы: Мастер-классы
184,729ff949852d3b205250ad82b44d8fc9,Хобби и интересы: Антиквариат
185,92bb533b680ab9682b7d28a079163826,Наука: Космос и астрономия
186,92c603f6d4d3680426c801fd316c7278,Семья и отношения: Холостая жизнь
187,32dae6238a91ba1503aa6ab812f1a350,Музыка и аудио: Регги
188,d2e41f5c0463d06f0ca49efa70a79018,Здоровый образ жизни
189,d2ea551fe97bf92cf3ad3441e1884681,Игры: Жанры видеоигр: Фитнес и упражнения
190,b2d05de8f87fc9122073660181878805,Семья и отношения: Смерть родственников
191,72ac02e9fa513e91af1c02dd2d79eb6a,События и достопримечательности: Церемонии награждений
192,72ad592130deb113cae8478fe8b74e78,Образование: Обучение детей с особыми потребностями
193,32f464f33dcd8d9a23bb4d92f054afa8,Хобби и интересы: Мастер-классы
194,62f51ddce5a64b036da0433276c25cf0,Новости и политика: Политика: Политические проблемы
195,92da6d10f228ef3a4ab8e86386b778a0,Семья и отношения: Холостая жизнь
196,02b797508b9ffc941887703dfb17d365,Карьера: Профессиональная подготовка
197,72c08ccd99940b632f436b14752f950a,Музыка и аудио: Мировые хиты
198,12ed5a6ab684e30de9f583c14effc2d9,Спорт: Дартс
199,02d4cc029c5a7531f36992446a24478f,События и достопримечательности: Личные события: День рождения
200,42d03628d2f004d9aa8b7c3a8b57a60b,Хобби и интересы: Фокусы и иллюзионизм
201,c31fc23550b4dd83bdc50934aa5d10aa,Спорт: Баскетбол
202,130c46b6ad419fc04c451e7fcbe2eabe,Еда и напитки: Безалкогольные напитки
203,92f09d5f55fc50dd70d741f8c1aec93c,Еда и напитки: Безалкогольные напитки
204,02ee1613c4b59ee0f885fda0186d2429,Хобби и интересы: Коллекционирование
205,132b427493688cb1ec1cdc7adfca61b5,Стиль и красота: Красота: Маникюр
206,42f4541294075e463efcb1c28fa905a6,Путешествия: Тип путешествия: Кемпинг
207,5324ca4632b52d8543051fe0c1e1dde2,Спорт: Экстремальные виды спорта: Каякинг
208,b32ba3e5fc78f951e2d57e80de4b43e2,Медицина: Медицинские направления: Простуда и грипп
209,f32aec89961652207aefe1f8675899bd,Хобби и интересы: Антиквариат
210,f330ad80f3ac29a4cb47372f217bc6cd,Хобби и интересы: Радиоуправление
211,73184ff6e31a772337323752e24a1685,Карьера: Профессиональная подготовка
212,4318c713d08a88bbe0175ca7a6ee2711,Хобби и интересы: Антиквариат
213,031b726c4384eda873527481b36fb313,Спорт: Велоспорт
214,5344722741638134ccf02c52e943c398,Семья и отношения: Смерть родственников
215,a35aa2633c20bd9b2f0b82a13a33f5a8,Спорт: Велоспорт
216,e358327363a5340215454275aba967a9,Хобби и интересы: Мастер-классы
217,c3818bbed747f1e42ca9c8d4d7ae1669,Здоровый образ жизни
218,53535357e7d720d1f2df91d8625edc98,Карьера: Профессиональная подготовка
219,b361a11f01c1029604c7837bf793cdfd,Медицина: Вакцины
220,034753227cf7772245e3fa97c5274932,События и достопримечательности: Бизнес-выставки и конференции
221,a36fb634cc1167b0ee6737b84c1a296b,Спорт: Студенческий спорт: Студенческий баскетбол
222,9360b59b784b80ae6bdbf9d145d508fc,Медицина: Медицинские направления: Нарушения сна
223,136669ed3a76f12ee2dff41b17ddd954,Семья и отношения: Смерть родственников
224,1371a8d3b78c2e724e4a10064e0c14b1,Личные финансы: Финансовая помощь: Финансовая помощь студентам
225,53719d198623c18ed7b248b02b61258d,Спорт: Рыбалка
226,734a4638f4e6fe6857b2a407f84d35e6,Музыка и аудио: Мировые хиты
227,6394a651a3ad162a6fefe0aa033699f6,Фильмы и анимация: Мировой кинематограф
228,4354a1ad8bf75f42466420f4b52dcbcd,Хобби и интересы: Создание контента: Создание аудиоконтента
229,a38f2b4049d4d39a8030b690e1238830,Хобби и интересы: Научная фантастика и фэнтези
230,5395805ebaa0b977c845b36618e9dc99,Еда и напитки: Барбекю и гриль
231,c3d03e0e9d1ca8ed1044f4c4b68c6fd5,Недвижимость: Недвижимость для отдыха
232,a39fc9595b0a144d325fa58a5d317554,Здоровый образ жизни
233,a3a89d57af9604144585550b1d6e33b8,Игры: Жанры видеоигр: Фитнес и упражнения
234,13aba71d6501df8db686919affbc9b72,Хобби и интересы: Фокусы и иллюзионизм
235,83d3d6be6bc13a868b263a1e3fd88ce5,Массовая культура: Семьи знаменитостей
236,63d9eab25494382081b6ad100efa7ad4,Музыка и аудио: Регги
237,83f8d04710973aef8162ef02323ef548,Здоровый образ жизни: Методики оздоровления: Отказ от курения
238,43b1f915baa754a39948a063ebcaef4b,Стиль и красота: Женская мода
239,43b3140af0958037bad0cf6fa676e18c,Стиль и красота: Красота: Парфюмерия
240,f3cb7535636d4213e6221d14a70b5dee,Хобби и интересы: Декоративно-прикладное искусство: Скрапбукинг
241,73bd9eabc4a463fbf48cfc61906bd295,Карьера: Поиск работы: Ярмарки вакансий
242,73be3353adeca6ca3f417a726a37e6af,Стиль и красота: Женская мода
243,93cc77cb0f4e697e91cec455a0b1014b,Хобби и интересы: Пчеловодство
244,93ce08c63684257a8b78f64ea2a2c842,Спорт: Дартс
245,53dac71a559f26fe3e0abc1cec839046,Образование: Высшее образование: Бакалавриат
246,e3d78212814a12d588211e0af0fc9568,События и достопримечательности: Национальные и государственные праздники
247,a3f612cb733c50201f1dc6c3987c6aff,Спорт: Дартс
248,53f59058b8c9e06421558ca6f442f242,Семья и отношения: Развод
249,d414c201601d3cbee977af07ff3fa0f4,Здоровый образ жизни: Женское здоровье
250,6403cbe7c493beb73c4e2df3cbb3f55f,Медицина: Медицинские направления: Сексология
251,a40df9cd5c1517f478b458d74081ab12,Здоровый образ жизни: Методики оздоровления: Отказ от курения
252,b40dd7a76e120286b1c1ce425fdb2734,Спорт: Студенческий спорт: Студенческий футбол
253,842dac7c562db91b0a9fd4b56e52bcc6,Медицина: Вакцины
254,54056fbd12590754a008667afc7751ec,Музыка и аудио: Мировые хиты
255,b41f69549931c2407eb5afabc17a0995,Недвижимость: Дома
256,04125b61225072d2406df79c37f939cd,Массовая культура: Скандалы знаменитостей
257,23ec0f53165a64f8d4b05561ad53dc5a,Медицина: Медицинские направления: Простуда и грипп
258,d42d194ba6c4e674a6a625106a76fb1e,Карьера: Поиск работы: Составление резюме
259,343470324af6902808606cf1a7503575,Массовая культура: Беременности знаменитостей
260,845249ca7f2be89ecc13c2bbb2906050,Хобби и интересы: Паранормальные явления
261,7413b5707b2119fc392f0ac00cc2a8a1,Новости и политика: Политика: Политические проблемы
262,b43a8eca411bbbb1fcebb95d6baa5ae9,События и достопримечательности: Личные события: День рождения
263,f4346ab0877f5ba71e903f3b328034aa,Наука: Космос и астрономия
264,94411bb6424dc4a91ddd617c71cf323c,Наука: Космос и астрономия
265,9444666b1f0d17c502e46ecbaad08b67,События и достопримечательности: События мира моды
266,441c3db4884b412ee3b99db89c350fe3,Спорт: Дартс
267,c477b6170b5991c1550032c394d93fd0,Новости и политика: Политика: Политические проблемы
268,644f486df4f8c83fc8b4eaffb88c3bb1,Карьера: Удаленная работа
269,74422f75d9805e7d2ebe16a382a7f841,Личные финансы: Коммунальные услуги: Услуги водоснабжения
270,1459e28e970a0f0d0aa49838bc286a4d,Стиль и красота: Красота: Натуральная и органическая косметика
271,0449906325d8c2a0d9684f61e3547f2c,События и достопримечательности: Церемонии награждений
272,3479baba7880dcf65066c7f4629bff36,Семья и отношения: Холостая жизнь
273,7444a2ce14b3a95644df679b775e171a,Музыка и аудио: Мировые хиты
274,a46fc7d69cdd1d869500f3f6244d827d,Карьера: Удаленная работа
275,8495d6aa78ecfca4f4619b52507a482d,События и достопримечательности: События мира моды
276,243d56ee80d652ea5f7c6870d4bb7e12,Еда и напитки: Инновации и тренды в кулинарии
277,24470e78f8498a39b3add50c97230d4d,Спорт: Борьба
278,348d22b256a7b5dde702933c31f69e5d,Массовая культура: Скандалы знаменитостей
279,d4810ee3d3343eda673e01841b55d3cd,Хобби и интересы: Антиквариат
280,b47fb4660430f23be8b7b842f730e1a3,Карьера: Удаленная работа
281,44572fb5889226f533706a4cacf0d787,Хобби и интересы: Декоративно-прикладное искусство: Бисероплетение
282,34aaa379fb8ceb3e070348f3680bc91c,Хобби и интересы: Мастер-классы
283,e4866b698e4945edeeded3e2189f032c,Спорт: Покер и профессиональные азартные игры
284,549c4f1fdf89b0cc8ad5605a424f1b1b,Книги и литература: Поэзия
285,54a8d5fbc7cd3fea32f4e78fec0b860d,Карьера: Стажировки
286,a4a2880426b219bde9868f03bd445031,Религия и духовность: Индуизм
287,94a90b0092e02b7c061fdc0a78c4609d,Спорт: Покер и профессиональные азартные игры
288,4462e146b9b05a739043d8ccd24d5c38,Семья и отношения: Развод
289,446fd7035429f412c394edd4608c5714,Личные финансы: Финансовая помощь: Государственная поддержка
290,c4cecc50f6847b4918796e0fabb23710,Семья и отношения: Развод
291,f4b1fd188fe77f9f56de07e867128b13,Хобби и интересы: Декоративно-прикладное искусство: Изготовление свечей и мыла
292,64c2b423220f3ab0d84c166922765075,Семья и отношения: Развод
293,94b89f42ba942b26cffb47de0b762a47,Здоровый образ жизни: Методики оздоровления: Отказ от курения
294,94bd5e017dc98e59798cc1722ecb5425,Стиль и красота: Женская мода: Женская одежда
295,c4dd03665b08df853688a3e5e1b77935,Семья и отношения: Воспитание детей: Усыновление и воспитание приемных детей
296,d4cc029b1559de2da1863301d702cbbf,События и достопримечательности: Личные события: День рождения
297,249b5ddc91b98ec3cd6356773073aea0,Хобби и интересы: Декоративно-прикладное искусство: Изготовление свечей и мыла
298,b4d70f82038d1d97f1b3ce2a493d12c8,Здоровый образ жизни: Методики оздоровления: Отказ от курения
299,b4dbecbd42b1b7b3b95e52fdd0615117,Хобби и интересы: Антиквариат
300,b4dd734867e0e47ab8c593f5aa8a6ce9,Музыка и аудио: Нью-эйдж
301,b4e27146c9afb9acbbde16432215d9a1,Хобби и интересы: Мастер-классы
302,d4d6e23015b9577d5a406fc4b2427d56,Хобби и интересы: Антиквариат
303,c4f416c793bb608fd8a5f4858ef825d1,Медицина: Медицинские направления: Травмы
304,c4f464b3679c325b3c7fce341783950c,Наука
305,449e6fa2827297f8b44b18ec6931b79a,Личные финансы: Страхование: Страхование жизни
306,a4e95e3b2b2f0af68f9a4aca9521cbac,Хобби и интересы: Мастер-классы
307,e4c50ecafefd677feca6eeeae33b62e3,Образование: Домашние задания
308,e4cc6dc7ed630d93bfbfb54bb77c7551,Хобби и интересы: Антиквариат
309,14faed76afb6ff2b7bcf81ed0d10bc99,Медицина: Вакцины
310,f4e823161d4cca49971fc89a86d4e9d7,Музыка и аудио: Зарубежная музыка
311,54e99123e2326dc0b8d6c4f743da959c,Образование: Онлайн-образование
312,85078e687c511bd7f2aa9e43d0b96735,Медицина: Медицинские направления: Травмы
313,150e3b7254432e67843b8de3ab38a182,Семья и отношения: Брак и гражданские союзы
314,f4f357cd4342b49c06edae02c307cd37,Путешествия: Тип путешествия: Однодневные поездки
315,f4f3baec9af3209e0574482d49c84843,Карьера: Поиск работы: Ярмарки вакансий
316,d5175868ec6783c321e51763bc910cfe,Массовая культура: Отношения знаменитостей
317,050066643aa2aa369216ff6e615d683d,Хобби и интересы: Мастер-классы
318,0500d9579ac7e381982e06c1110bcdf3,Еда и напитки: Мировые кухни
319,05039c8236004af200bfc9a990cf9693,Здоровый образ жизни: Методики оздоровления: Отказ от курения
320,352ac5864d82c9d0b38d72f08607817b,Хобби и интересы: Декоративно-прикладное искусство: Изготовление свечей и мыла
321,b52421996817a399be673babb53e0424,Карьера: Профориентация
322,24dbccf1b42bb1498de96586c17d4957,Спорт: Дартс
323,f5062f0bf5b29ae410520d511c008a6e,Хобби и интересы: Антиквариат
324,f5071abf6bd1269eb61c6bf33fd8b5ac,Массовая культура: Беременности знаменитостей
325,651698f015947a05d94143b40c561a45,Семья и отношения: Смерть родственников
326,651935e0bbb781d0f0cc0695661a227c,Массовая культура: Скандалы знаменитостей
327,d5331e23a7cb8bc7e80a9b52e176f6b0,Семья и отношения: Развод
328,052cd03a23fe2d71c43546a7cdbd6e82,Здоровый образ жизни: Методики оздоровления: Отказ от курения
329,44e44279e93a2be84066a82788abf9d3,Медицина: Вакцины
330,652dd359a061c9f1cb40a9202cd806e2,Еда и напитки: Инновации и тренды в кулинарии
331,d5404ba2e1a2add0074c4f1baf9eaf49,Карьера: Профориентация
332,854c07aaa6a19a5eee9f7f900d2bc1ea,Новости и политика: Политика: Война и конфликты
333,44eed821af4098ae4afe319709ca58f6,Информационные технологии: Бытовая электроника
334,d55beaf94d54cfe7bd09ff766e88dfa7,Семья и отношения: Развод
335,6552c0c13cdf7b3b3aed72217d0874aa,Спорт: Дартс
336,4515184e3aa351e56844b1d047d680c3,Карьера: Удаленная работа
337,b575ade141419d983a5342a922899cba,Хобби и интересы: Антиквариат
338,f54fb5639f7651e11aee0ba256ccf8a1,Карьера: Профессиональная подготовка
339,8582a7256dff9061382b49061636c242,Личные финансы: Страхование: Автострахование
340,0569f9c53677bef904b9e3bc92a16f0d,Спорт: Дартс
341,c59bff83f576c135b333f6c63bcf74ae,Еда и напитки: Мировые кухни
342,5580d8371e149a69324343073d52f0ad,События и достопримечательности: Концерты и музыкальные мероприятия
343,2556e9651f90c6f32adb0456aff13487,Медицина: Медицинские направления: Расстройства пищеварения
344,a57ddb214d2599dd4c9d339b375c95d3,Еда и напитки: Пищевые аллергии
345,e5558bef6fcbe71faa4deb3f195efba8,Хобби и интересы: Антиквариат
346,35a738eba388a0d4ba332676af7b23d3,Спорт: Экстремальные виды спорта: Альпинизм
347,65966056ece2bdfa06a0d39f5aac8211,Стиль и красота: Женская мода: Женская одежда
348,c5b75db88ea6f70328ebaf4d84b670c3,Карьера: Поиск работы: Составление резюме
349,d5b46de4a1cc0eddce8791aa5867d8e4,Семья и отношения: Смерть родственников
350,7575d29ed149be4f3ad24743f009b619,Путешествия: Тип путешествия: Кемпинг
351,05a67e20344c05f05ac7966bfe6731c0,Карьера
352,35bc3fbb1bbf64f038dc73b2890728c6,Спорт: Дартс
353,85c6ac4a4cfc3778cd2e65139d970dba,События и достопримечательности: Церемонии награждений
354,d5bc07f28e3406433a76c49c5bd74ddd,Спорт: Крикет
355,05ad07b1d0223a2c18718a74723a75b8,Музыка и аудио: Рок музыка: Легкий рок
356,95a0269db75a4cfd025f7d6f8a213859,Фильмы и анимация: Семейные и детские фильмы
357,65b54978f11d3cb0fe143a71dec7ccf4,Еда и напитки: Мировые кухни
358,65b933bc1f41ba2a8d4d71fff70f20e9,Фильмы и анимация: Драмы
359,c5daa0950c3fd51a1f82b75d05cd637b,Семья и отношения: Развод
360,c5dda1838fa35208e2ef2c86d5447afd,Медицина: Вакцины
361,4584892ef4814eac9d9e97ea3050c61a,События и достопримечательности: Церемонии награждений
362,55c305b8bbcdcd2307ed865dbf4c5add,Хобби и интересы: Мастер-классы
363,05cae87934d81731afda97c91459b975,Стиль и красота: Высокая мода
364,a5ca18452c2ad26eeaa2007683840755,Спорт: Дартс
365,65c45fdf973e114f6ca9bbbe60748950,События и достопримечательности: Личные события: День рождения
366,c5ec3ef0b1248f12622129d4f143ed91,Спорт: Велоспорт
367,d5f4cf45e95b1fb22a08a9c7b6006b1f,Еда и напитки: Безалкогольные напитки
368,45a95d8a4912655a30c6e8dfc187def9,Спорт: Фэнтези спорт
369,8605bee230b46e9e5532859f3e7adb06,Здоровый образ жизни: Методики оздоровления: Отказ от курения
370,a5e7e8e91ac48f3b97b67d60e68a692d,Карьера: Удаленная работа
371,a5e7f827bd1345e8237655d535a680c0,Хобби и интересы: Мастер-классы
372,a5e82d6e848953832d839212af0fefd2,Хобби и интересы: Мастер-классы
373,c618d967758fcd6fe731e3bd4ba986f9,Хобби и интересы: Радиоуправление
374,65e9609d3845e86edbf7f224943db45f,Музыка и аудио: Мировые хиты
375,05f167f9777b73e552b23fdd0101c8fd,Спорт: Настольный теннис
376,05fe0816e2e62fd2de71b285ef9411fa,Хобби и интересы: Антиквариат
377,862560fafa172a0a774a9070c53165df,Еда и напитки: Барбекю и гриль
378,d61c53967d027797bc1482f5c4bc9a8a,Семья и отношения: Смерть родственников
379,a5f5f91737c3ef83a5c5c5d11c0ddb75,Спорт: Дартс
380,a5fa5545ccc8bb1b3d8a98e59d766d72,Спорт: Рыбалка
381,b633e86dc22ca2345d325aacd8fe5a4a,Хобби и интересы: Декоративно-прикладное искусство: Изготовление свечей и мыла
382,b63b42672ba1e3fe8d4d5a1329bbe892,Хобби и интересы: Паранормальные явления
383,3628de002c0295903b30e138b6336ddd,Спорт: Дартс
384,061757c33a9667fa31e7bd442c61dff6,Спорт: Велоспорт
385,e5e94aa6584c9c3a524d30ab53488322,Музыка и аудио: Зарубежная музыка
386,45ea9187d5ade9f6dabd354932768ce6,Хобби и интересы: Мастер-классы
387,45ec1db7bbd7dd80ee88c0b5a5c4010b,Карьера: Профессиональная подготовка
388,36418072b48e35188700014a4648b710,Новости и политика: Политика: Война и конфликты
389,c64929d7b74c90e2e630e0c8c03e3d7a,Массовая культура: Семьи знаменитостей
390,75fcd6e0cb5609760fe2a2592660e0cd,События и достопримечательности: Личные события: День рождения
391,d658dbe6befec1abf48fb2c774c65d2d,Фильмы и анимация: Мировой кинематограф
392,d65ffffb8545ab26c7a5d9b34bda193c,Семья и отношения: Развод
393,e61a058e3eabe4e88f66f1df09744d68,Музыка и аудио: Мировые хиты
394,663ac16d23ef52bd261af0a41e6d8f6b,Спорт: Дартс
395,f61c677f18e3f7eeed5d151616f38b94,Музыка и аудио: Нью-эйдж
396,1655feecccb90bc7ca98190f3c55effb,Образование: Высшее образование: Аспирантура и магистратура
397,c681af535797976d381e72f5fba59f1a,Транспорт: Мотоциклы
398,d66dd612b196b3e07af6263c9d3bf44e,Музыка и аудио: Мировые хиты
399,b6826d581b1fd5fc5cdca9d62fa9f1c4,Карьера: Поиск работы: Составление резюме
400,4621963b420b6fc83eed494a5b650caf,События и достопримечательности: Личные события: День рождения
401,66565ea576a9f4a35056d1bcd409fd90,Покупки: Лотереи и скретч-карты
402,665a6c8d550c6a6c322a592eee097742,Спорт: Студенческий спорт: Студенческий футбол
403,964c9e581111029c7fd894667f4a7d03,Фильмы и анимация: Криминал и детективы
404,367edd85542ce8d37e06cd8af285e3b5,Хобби и интересы: Декоративно-прикладное искусство: Изготовление свечей и мыла
405,1679cc0cc8fb6daa0256b504048ed45f,Медицина: Медицинские направления: Нарушения сна
406,d694446f65e53a165bf40af2ad446b19,Спорт: Олимпийские виды спорта: Зимние олимпийские виды спорта
407,a672cb06677449bbe8dbe91e6c223834,Покупки: Лотереи и скретч-карты
408,c6946c43e129ef969c09fd0a1f56ac15,Музыка и аудио: Спортивное радио
409,c69c71b551bf709d30080339a390f02b,Хобби и интересы: Мастер-классы
410,c6a1abd82cf97e596b985295eec993fe,Игры: Жанры видеоигр: ММО
411,86914f8d16558729c68e1329b8a68d50,События и достопримечательности: Мюзиклы
412,e6492d4d90d5bd23edafd775094421f2,Музыка и аудио: Мировые хиты
413,264264a4a40803a76a16aa9246113267,События и достопримечательности: Личные события: День рождения
414,d695f3f76512d56788f8c5d2096ccec5,Стиль и красота: Дизайнерская одежда
415,668cdce2ca8b6205e4bec5e5bb6870be,Путешествия: Тип путешествия
416,567dc4ba643cb16e78c8ed0d0ba83c3a,Спорт: Автогонки: Мотоспорт
417,86a76fa0af1e08aa1911c91cca9a740f,Семья и отношения: Холостая жизнь
418,36a68941f05d6a8ce5bbf82ab53ff80d,Медицина: Медицинские направления: Инфекционные заболевания
419,0693e39c7ff42f643f833ca800ec03ea,События и достопримечательности: Церемонии награждений
420,06992e5c2908cfbcbf96d6a1b87dc616,Хобби и интересы: Радиоуправление
421,d6b65858c48930b38d3e26a07bfce613,События и достопримечательности: Церемонии награждений
422,b6bbac1a4c4e141934459f111a6ac6c8,Медицина: Вакцины
423,668ea6c812de8435b167bc4ad66107de,Музыка и аудио: Рок музыка: Тяжелый рок
424,569aff3dd27b24d67332c7ebfff5d490,Стиль и красота: Женская мода
425,e66b06cf902810f1d09e470947e91c80,Музыка и аудио: Зарубежная музыка
426,16b1febb7b53cfde059d95b8b3a862a8,События и достопримечательности: Личные события: День рождения
427,96972dd05f23de3dedb29f1b80127b05,Музыка и аудио: Нью-эйдж
428,e678874bbd502cc744b757e1bd37c563,Информационные технологии: Бытовая электроника
429,e68146b195fbcaf14c7de48785772ca0,Еда и напитки: Барбекю и гриль
430,86d019b666d7c8a3f1d7604f6908ce81,Музыка и аудио: Регги
431,267d867c27078d1b8e6744c0094b7f88,Карьера: Профессиональная подготовка
432,56b19c77d2438903fd4bd30337cbc817,Хобби и интересы: Мастер-классы
433,4680d97225889060f75cd8cc37d3ebde,Семья и отношения: Брак и гражданские союзы
434,16c6b820332bdcdc87ef197ab017d3a7,Массовая культура: Скандалы знаменитостей
435,a6c21c68b3d67aad6564f41eb52bbb72,Хобби и интересы: Коллекционирование: Комиксы
436,56c9e111571c4847afd4ce4ed1c3c5c9,События и достопримечательности: Личные события: Выпускной в университете
437,06c0ce9083a541fddfa1e80b51acd677,Семья и отношения: Развод
438,269910b058386ce77d1a8caa32012127,Новости и политика: Преступность
439,56de9bb8450659e6c9bebb25fe30d39f,Еда и напитки: Инновации и тренды в кулинарии
440,26aea6ec6a080880f2a62c2d9431de0f,Еда и напитки: Пищевые аллергии
441,d70c45bc09cbbe583c9cede0477040a7,Семья и отношения: Холостая жизнь
442,76b27004f56b95c3436f1fec0e97d4cc,Медицина: Вакцины
443,46b9f9b5b0329d8fa3aeb4ebee9e1a51,Карьера
444,96fecdb163606ee6adc297775475fc74,Семья и отношения: Развод
445,16ff88fd58ad271766a80fb6edd9a8df,Массовая культура: Скандалы знаменитостей
446,46c5cffac9d0f361ba92702e59cecf55,Музыка и аудио: Мировые хиты
447,f6d670c13805ccb1162d87f1d2284233,Еда и напитки: Мировые кухни
448,76c41bdad1885317836b9e4645c6a7c7,Массовая культура: Скандалы знаменитостей
449,e6cb1ed9cba95335b177b38d224a9cad,Еда и напитки: Мировые кухни
450,371a5a66029bfdadd4d17f8d4ead562d,Музыка и аудио: Мировые хиты
451,f6e148292c1a1043ddfb6621567236f6,События и достопримечательности: Личные события: День рождения
452,b74783bf9b09e4bcb466dff31f6eca6f,Семья и отношения: Дейтинг
453,0731d583f47d3d0f738e3f9a1b350f75,Семья и отношения: Развод
454,373f7ea82a32472ad16213af5c179eb6,Хобби и интересы: Антиквариат
455,57319aeaeec5d67cab1120898204477d,Стиль и красота: Дизайнерская одежда
456,1739a3694790634eada5085d1ec0c5ba,Карьера
457,b75e26a1e7a802f89ad6951d1aad5322,Личные финансы: Страхование: Страхование домашних животных
458,76ec80b7a2aafcf5a33b61cc9c298cb2,Хобби и интересы: Радиоуправление
459,8769ca8f5a3e0f53ff89c19e98392d76,Хобби и интересы: Мастер-классы
460,e714d955948cdfb7c8edd5d8325a5ff6,Спорт: Снукер/Пул/Бильярд
461,c76deb376b54bd5035141cd986849c3b,Медицина: Вакцины
462,f7163b988b8e573357035393700025d7,События и достопримечательности: Личные события: День рождения
463,27103b3cdf0ca2fdfdd3e4223b398a6f,Музыка и аудио: Рок музыка: Тяжелый рок
464,b779c9fa92af1371021656e3cc99dcf2,Стиль и красота: Высокая мода
465,975f32a24cb025fdbb39c71a9bce4d6f,События и достопримечательности: Личные события: Годовщина
466,d78bacba0d678cccdc52dfeae83a35c1,Карьера: Поиск работы: Составление резюме
467,47468ddd40617945dca0a2396dfb0e09,Спорт: Дартс
468,5773391aa0703296a4e5678defbd564a,Еда и напитки: Здоровое питание
469,772b93bb6c53e00b6e5337c6488479b5,События и достопримечательности: Личные события: Годовщина
470,f73973663b9369f780a1a61e39cc5b56,Хобби и интересы: Антиквариат
471,97801219ea7597fdfc6366e064907277,Телевидение: Научно-фантастические каналы
472,d7a3badbc742ab5c066a5b8e5c35e44b,Хобби и интересы: Антиквариат
473,e74c02fffed39e796749d6d8229aede7,Спорт: Экстремальные виды спорта: Сноубординг
474,27449e11f62f1c64f3cea4be630e1443,События и достопримечательности: События мира моды
475,274596a661817de7f35290900079da40,Карьера: Стажировки
476,27502230e3b28415817c8ff996e97539,Еда и напитки: Барбекю и гриль
477,87bc0a1d246ed6c72b77da2f9d277054,Стиль и красота: Женская мода: Женская одежда
478,1797036b3e0e118fd103d7b007744b88,Семья и отношения: Холостая жизнь
479,078da01cb10b2e44a3126ace7f8d4a61,Хобби и интересы: Антиквариат
480,f76723662f79bca0d45acfe491a5aeee,События и достопримечательности: Церемонии награждений
481,5798c68978943ed7900de49f733913ec,Хобби и интересы: Мастер-классы
482,b7aa0826e9237c2bccc51b21127be7eb,Массовая культура: Смерти знаменитостей
483,b7b149c0dd4f9f5cea535af7e6bf95cd,Спорт: Экстремальные виды спорта: Каякинг
484,2758e50ad5d3984b90902ac4197de4f9,Еда и напитки: Безалкогольные напитки
485,2762e778b3a9519732cd3fcf655c2b2d,Наука: Космос и астрономия
486,476ff4965bb738733c12ac044ea155d3,Хобби и интересы: Мастер-классы
487,7762169ef29d7dcd2072ca0b015418fa,Спорт: Дартс
488,17ae54181c22e2e235e69e96ff93770d,Семья и отношения: Холостая жизнь
489,07a0e720439d29e5ccfddfdc12441c45,Спорт: Студенческий спорт: Студенческий футбол
490,276ffb157f1579e3d98cc1e3e0d8e74c,Массовая культура: Скандалы знаменитостей
491,f7813de04dfa464b3856ca837777bdef,Спорт: Дартс
492,c7db5c57e224d951897f26d44cdbee8f,Медицина: Медицинские направления: Нарушения сна
493,e77954656dc63bc696ba2796da976d1a,Музыка и аудио: Ретро хиты
494,17be57ec640fd6b597e331f7c42261b6,Хобби и интересы: Коллекционирование: Комиксы
495,87e45bc080ea5f6b0ff534136be424db,Новости и политика: Политика: Война и конфликты
496,b7d0438427553808ce7dfe2b82f24ce5,Еда и напитки: Ресторанная кухня
497,4790fc6692c29d4a50433cde975512a0,Еда и напитки: Инновации и тренды в кулинарии
498,47a6f5713a7ca03ef6d5799b6a1f5154,Карьера
499,c7ff321649675075b7e93b4d1d29a9b9,Здоровый образ жизни
500,97dfff80d98a8db50fa90dc01651a64f,Стиль и красота: Высокая мода
501,77ad39acf480ae74ae6fbf5169abfd1e,Образование: Среднее образование
502,b7fe8a9e6ef4cf0518f240682ff00ba6,Спорт: Покер и профессиональные азартные игры
503,a7f3abafc0ea6ea19a70e4af6bbde13f,Хобби и интересы: Декоративно-прикладное искусство: Бисероплетение
504,47dd5bde63d8042b07272706e3ddbbd2,Спорт: Крикет
505,c833bc9a61af7fe06a86c6cc9db83e93,Здоровый образ жизни
506,f7cb5b79188366455ffbb8d1e6ebbb37,Хобби и интересы: Радиоуправление
507,e7c03ca9caed880ec60ad160204edb83,Семья и отношения: Развод
508,a8033ba9f69362b009d852b2a9d76749,Транспорт: Мотоциклы
509,a80651be771f5567b9d72b5be6b057ca,События и достопримечательности: Церемонии награждений
510,a80794bfa421b4cbe742d892392f8b48,Спорт: Дартс
511,a808f0de343faf6320bcc94ea57c5381,Покупки: Лотереи и скретч-карты
512,38108a2c4d272259f4ed856bfcd535b3,Образование: Среднее образование
513,67f89eb6790f7ccd2c2afb02da1c09f1,Хобби и интересы: Мастер-классы
514,67fd8b0b07622dcb1c48a3c7424288cc,Хобби и интересы: Антиквариат
515,68007d7d891356eaf785bb251b186a0e,Музыка и аудио: Мировые хиты
516,c8503e3a2927a3748f7863be40207b8d,Хобби и интересы: Создание контента: Создание аудиоконтента
517,884c87d3db626acd37d9786b4c195a44,Еда и напитки: Инновации и тренды в кулинарии
518,27cf1386822feacbd0735c2262a33198,Хобби и интересы: Фокусы и иллюзионизм
519,c860598c9519ac82c603f87cf80f1900,События и достопримечательности: Личные события: День рождения
520,a82b64bed5f0fdcd2b40f2ab3300acd0,Спорт: Студенческий спорт: Студенческий футбол
521,885de55b1cb3c2fd61a09ef6c63492b9,Карьера: Профессиональная подготовка
522,b8258d97dd835ad0165d75711d330497,Хобби и интересы: Мастер-классы
523,383008bf0c6467443b55d3aa3c4b54f1,Хобби и интересы: Радиоуправление
524,a838a958cf227f4fa54a9bb88bc6d8a9,Еда и напитки: Барбекю и гриль
525,983d2dd0036b95f91c8d2983973e1285,Семья и отношения: Развод
526,d86fa213780a5565baad7310d606eb52,Хобби и интересы: Мастер-классы
527,27f5830fea9de931cdcb7d8712ecf57a,Музыка и аудио: Мировые хиты
528,77ff0729d440aacebe89e2b62f67344a,Еда и напитки: Пищевые аллергии
529,78002eb306ae22e44147464bc45842f8,Массовая культура: Беременности знаменитостей
530,585db0ca94b5180c38e035b5556f35a1,Еда и напитки: Мировые кухни
531,586babcf285882b497882b5da0ad8db1,Карьера
532,a85b3391b4794b13168655cf53733f54,Семья и отношения: Холостая жизнь
533,8884c062bfa7739bb0bd71bb02fd7893,Спорт: Экстремальные виды спорта: Альпинизм
534,f81bccf523806ad556d157c090cd95e4,События и достопримечательности: Личные события: День рождения
535,f81df1b566b74b7c586e29306624e132,Образование: Дошкольное образование
536,c894f1cbeb6228b63fe84e55259ce5e8,Музыка и аудио: Мировые хиты
537,3851b55d64fc966ddc30ed9e8b2ec77e,Здоровый образ жизни
538,385aa59a55cc47d6bc1a3773d219b14b,Еда и напитки: Кулинария
539,484b3600ebf13d5f11b1123b2fe4b142,Массовая культура: Семьи знаменитостей
540,4858245da2dd61ddae497f48f66de214,Хобби и интересы: Генеалогия
541,783103303baa5c23085ba58affd65b95,События и достопримечательности: Церемонии награждений
542,7838a4a2b2d957138896bd5fe7fb1e56,Личные финансы: Кредиты и займы: Финансирование жилья
543,d8b7763d8fe9de0ad08f613ca9f0801d,Еда и напитки: Барбекю и гриль
544,88c61d1bbe6388168becd0a2f3c153b7,Здоровый образ жизни: Похудение
545,88c7522e63ebc8ed4c11f023d65b2b4d,События и достопримечательности: Церемонии награждений
546,e85a04e0797ac3e07c2a4ee293b50760,Хобби и интересы: Антиквариат
547,e85d2af5f1b3b26a4618dda3223e4ef2,Хобби и интересы: Антиквариат
548,c8daffbc06f5a818ede3dc83eacdfc6f,Здоровый образ жизни: Фитнес и упражнения: Бег
549,284d39d6a9aa182a75b0c2bf6e7755bf,Личные финансы: Страхование: Страхование жизни
550,a8997054739c4ff1a504a9a19682c07b,Новости и политика: Политика: Политические проблемы
551,6875e2826192a176e5217a90f10961cb,Спорт: Велоспорт
552,68787e6a239ba4b826aa9d604c035ecd,Спорт: Дартс
553,88c84c53162a732dcbca73526bf05db6,Хобби и интересы: Антиквариат
554,88d3e207c19b62a0dd090fa1dc25c536,Спорт: Крикет
555,d8d14605a042a1d7d7c8493d7ca70e08,Массовая культура: Скандалы знаменитостей
556,d8dca0c7d427658d42bd84aca5089fc0,Музыка и аудио: Регги
557,58be8881640161228e3e691b00a11bd2,События и достопримечательности: Личные события: День рождения
558,58c2c16ee87cfc9f8a5529eb90d16c9c,Здоровый образ жизни: Методики оздоровления: Отказ от курения
559,f85e02cd97f70a43ab3f2788631a00e6,Еда и напитки: Десерты и выпечка
560,18beb4d67d419372e6c1d3eaf1654ebc,Спорт: Крикет
561,08b51f366509ad8f85fa4e7a739241d9,Образование
562,08be39ce16a297ce030f2e22bd60918d,Спорт: Охота и стрельба
563,6897d8354dc92f990f2486c3a3a706c7,Хобби и интересы: Мастер-классы
564,98d7c00514d493c9faba0b7794f430cf,Еда и напитки: Мировые кухни
565,a8d73a0e199d8132c0f70dcdddb1d8d3,Массовая культура: Смерти знаменитостей
566,c9037afc75a046c5cd24945974de9c20,Карьера: Удаленная работа
567,287d3a01f69be7c07ce3dd0f69ab32b1,Семья и отношения: Развод
568,287e718f42d06e8d91987c1b8dc19a77,Музыка и аудио: Мировые хиты
569,288598620365fba0b6be346b8d1ee411,События и достопримечательности: Личные события: День рождения
570,58e057bd274585a69c48f7f3c39e4fc9,Музыка и аудио: Блюз
571,08d8224d59b55298abaf56b35a2753e3,Еда и напитки: Барбекю и гриль
572,98e715f193c0112319ff32dd1ca79bfc,Медицина: Медицинские направления: Алкогольная и наркотическая зависимость
573,98e80e7f75456ed04eaed0e1dd743c5a,Хобби и интересы: Антиквариат
574,289968ecca79958af4f0b203dc808a83,Спорт: Крикет
575,c919586dfa276e74fbbbb8da56414b71,Карьера: Профессиональная подготовка
576,b8fdba62733e2eba347771ca3edfc2df,Семья и отношения: Смерть родственников
577,c92d6b36e3a27b273d01344a8d6f04ca,Спорт: Дартс
578,c933ebf40ff161591a58d7878dff5fcb,Спорт: Спортивное оборудование
579,78bf45a6d880bd941193f8ca5a2d5386,Медицина: Вакцины
580,68d13b3f9dd7c8643d2857bb65815a0b,Изобразительное искусство: Современное искусство
581,f8b44b5a08fa7b7116f754cef1ef8867,Здоровый образ жизни
582,5908bed09e1a1a950b912e340b1cd5f2,Музыка и аудио: Ретро хиты
583,d9449be5fa539fd552848a45f25e20c3,Музыка и аудио: Мировые хиты
584,38f53807fc38acbf5cfeb80dca988588,Музыка и аудио: Мировые хиты
585,5914b37d14a6205e3086059d3d2ee591,Хобби и интересы: Фокусы и иллюзионизм
586,c94e90cfcdaf5e2143c2aaa43a0b89d8,Фильмы и анимация: Мировой кинематограф
587,0922570d69605425ab8bd709c48a6ffa,Хобби и интересы: Фокусы и иллюзионизм
588,0927981a221f24c08c7f595f61dc2cd9,События и достопримечательности: Личные события: День рождения
589,b92801180db0dd2571a4accc505af58a,Стиль и красота: Женская мода
590,e8d072f424440e0c8960a963452ef734,Музыка и аудио: Саундтреки
591,3911762f91086068bca76d410a83e20c,Спорт: Дартс
592,f8ec90ed765c1025616cb4ceec73200c,Здоровый образ жизни: Питание
593,09405757af3cca60b1b37d77eadb4164,Медицина: Вакцины
594,8974056cd4bd83b40bb92193d429e9d9,События и достопримечательности: Личные события: День рождения
595,594d4c34090352b28bbc64b58bdd172b,Хобби и интересы: Научная фантастика и фэнтези
596,195430c19cc32ebc1909a8ad51343650,Спорт: Рыбалка
597,a9653dda9169d21f69a355ad6c4e2f64,Здоровый образ жизни
598,290c90718b7ca436c6f6b7c6bbb2a1ff,Музыка и аудио: Мировые хиты
599,e90f6df2f4a4c3a3302b5f8cf8e6acc5,Хобби и интересы: Мастер-классы
600,7920b9af4fbbf65500a0c11184afcecb,Хобби и интересы: Антиквариат
601,792aa0f782f9a89e402a4f994595d7c8,Карьера: Поиск работы: Ярмарки вакансий
602,c9937231691142497350802019397313,События и достопримечательности: Личные события: День рождения
603,492c2a5acf623893b1070dec0877490e,Хобби и интересы: Антиквариат
604,097aa5e7f37f217cb6165cacfd36ea5b,Хобби и интересы: Мастер-классы
605,693c737ed0a23de565ace5ae7c1b250a,Спорт: Покер и профессиональные азартные игры
606,5966d16e935a44014892f518ad41b0e2,Карьера
607,89abad3b067f3537902ec89d4b633914,Телевидение: Документальные каналы
608,b9905e6cc1a26743665edb4265f79cc8,Хобби и интересы: Декоративно-прикладное искусство: Изготовление свечей и мыла
609,c9b7ef0cbc9fe04f900f1ad9dbc2a2bc,Медицина: Вакцины
610,395cdfab22916655f76c328dbfd25a68,Спорт: Катание на роликовых коньках
611,d9a02cd54a5fe5478c915f92f7292d02,Фильмы и анимация: Мировой кинематограф
612,f93266d3ac87373213a74ae2a7dcb94b,Хобби и интересы: Паранормальные явления
613,597135f35ceaee2756a7e1fa381444f7,Медицина: Медицинские направления: Нарушения сна
614,597eb83e2edc9d143945861ec6995447,Еда и напитки: Мировые кухни
615,9998cfacfa322d7923f5a7628b46ef63,Спорт: Дартс
616,0993ded0df37f7da1469f691adb5a43b,Фильмы и анимация: Боевики и приключенческие фильмы
617,099fd80077931649d5e71fa95cdbf42b,События и достопримечательности: Личные события: День рождения
618,99adeb172e2737e9eb0b047c4e162fbf,Спорт: Велоспорт
619,49803133dd30004babe6194650cdc3c3,Семья и отношения: Развод
620,89d1d5fb7695fba894dab1b6665fcac2,События и достопримечательности: Мюзиклы
621,2952b0a7148f5bb09247b22048cd11b9,Спорт: Дартс
622,99bee031f03d139610782ddc76119857,Наука: Космос и астрономия
623,89e6c4c0ec5a85c12467245c87e1c26f,Здоровый образ жизни
624,89f54e2d30f46a846059564bf7ac7c14,Медицина: Вакцины
625,e970657a447e86468b366ebbc705f6b1,Спорт: Олимпийские виды спорта: Зимние олимпийские виды спорта
626,19d359e17b20cd28ecb1d36e7aa90581,Бизнес и финансы: Бизнес: Стартапы
627,f95d3136cb54920f263e065b84741b2c,Хобби и интересы: Коллекционирование: Марки и монеты
628,8a063a2ce75f2cbd1f7a341540240277,Хобби и интересы: Мастер-классы
629,49c3735a65a729ac595ef2d5e00cc473,Хобби и интересы: Антиквариат
630,29971fc753cac1e2fa93dfc966b913aa,Семья и отношения: Смерть родственников
631,8a0fb3b72a793b85c67ef059780a66d8,Медицина: Медицинские направления: Психиатрия
632,ca25a936356ba145b4de62c34b49c696,Еда и напитки: Вегетарианские диеты
633,f980226eab02261b02391bf7076ada98,Спорт: Дартс
634,da0c06b2f2e7d1ccc2cc162118bc5677,Массовая культура: Семьи знаменитостей
635,29a5978f3af21504686616b226f5f7bf,Хобби и интересы: Антиквариат
636,b9fcdc8ea7b5a7fc3e3ce6bdcd26263b,Личные финансы: Страхование: Страхование жизни
637,ca26ef5a24228c633eb7132829443671,Медицина: Медицинские направления: Психиатрия
638,f99dd691e40ce9e5a85ac285c0df2d45,Семья и отношения: Брак и гражданские союзы
639,39e0c3c481a7f45021056bdfb7b1b602,Хобби и интересы: Мастер-классы
640,ca39c17bde5cc48ce95a9a7fa5f733dc,Семья и отношения: Холостая жизнь
641,8a33343d39af6a2d2d7cecf209a7a10f,Семья и отношения: Уход за пожилыми людьми
642,0a00bb871aec241e7065ed9cb26acfc4,Спорт: Студенческий спорт: Студенческий футбол
643,79cc0f53d0b33069fb0a60a6523287a0,Спорт: Дартс
644,79d0603c9f7ad2e5d8e435d46327402a,Еда и напитки: Пищевые аллергии
645,f9acb7a21f13b8499a25884ff1692372,Стиль и красота: Женская мода: Аксессуары
646,aa16953bbb8fdb2dfc5fc368f4abe89a,Еда и напитки: Барбекю и гриль
647,da367df815c2fbdd3a2c734d4dde07dc,Путешествия: Тип путешествия: Семейный отдых
648,ca54fa80c54efd6dbaa13da865893ed2,Медицина: Вакцины
649,0a148a3aa95e76ced2d993525badc986,Семья и отношения: Развод
650,aa2bee559debf2325b3805b803840fa9,Путешествия: Тип путешествия: Отели
651,1a291fbe33c55a983b08f5fa60f71710,Музыка и аудио: Мировые хиты
652,e9cf3b231f2fbeb8e87400b241832f7e,Хобби и интересы: Радиоуправление
653,0a1bd95990029433d45dd0a7b15d9b50,Хобби и интересы: Радиоуправление
654,f9c6dfed45ffeccdb88d9d495a52600f,Карьера: Поиск работы: Ярмарки вакансий
655,f9ca242a41f6b8bdee17818fe3acf0ee,Семья и отношения: Развод
656,69eab011e932d4008152b85696a0a80a,Медицина: Медицинские направления: Психиатрия
657,4a0c52aebf8915dfcb6826b7dbfd1ce5,Семья и отношения: Дейтинг
658,29f12c52655b55c5f0f114a79215785d,Фильмы и анимация: Мировой кинематограф
659,da5a1061554a70e81b299044f23eb323,Хобби и интересы: Мастер-классы
660,9a5a16f6201c634407ed53cfd83ab0b2,Медицина: Вакцины
661,9a5a7bc4b9ef7faba913792ac1ab13a5,Стиль и красота: Женская мода
662,8a762b2f22accc32159926c8054fd8e9,Карьера
663,f9e18003e113288a9035e9c5c409dab0,Карьера: Профессиональная подготовка
664,ba3b2cbcf1ec22dc382026c32a0d5130,Игры: Жанры видеоигр: Стратегии
665,ba447f6dad5760704a07ffc022e83f92,Музыка и аудио: Мировые хиты
666,69f30216685d60bfbfb874c7122744b8,Здоровый образ жизни
667,aa4b0884e22e429483904440a497d5ca,События и достопримечательности: Личные события: День рождения
668,f9e6ab2c45ba4cbfdfd7e6afadd408a1,Карьера: Профориентация
669,f9f04e67e34a955e458f93092a9f1efb,Музыка и аудио: Рок музыка: Легкий рок
670,ca9201099e1f971acf8e809a540674a2,Фильмы и анимация: Мировой кинематограф
671,4a4dc53857b44464613052a331877a07,Семья и отношения: Холостая жизнь
672,5a59d4150c426269e2df4ca41e8b5438,Медицина: Медицинские направления: Сексология
673,1a5743706b4355451991676db508deeb,Животные: Рыбы и аквариумы
674,ea11c89337776fd7d403a632c796017f,Информационные технологии: Бытовая электроника
675,da842509c860e6ce92e8714eab469f7d,Стиль и красота: Женская мода: Женская одежда
676,aa6f2f082ed8e986e809e8744b5ce346,Хобби и интересы: Мастер-классы
677,9aa4ebb9cd85125b50df76c5e44bd4e7,Еда и напитки: Мировые кухни
678,6a365452eab9c772705e078ccb5f91a2,Спорт: Автогонки
679,0a7a288165c6051ebd74010be4dc9aa8,Медицина: Вакцины
680,4a6d6e98413508867dc1adafef8c5e46,Массовая культура: Смерти знаменитостей
681,aa7a9ff8a184583307687c9a7800b343,Массовая культура: Беременности знаменитостей
682,ba80f14bf6c725078624a27fd6a5f3c1,Бизнес и финансы: Промышленность и сфера услуг: Издательский бизнес
683,2a3881f30716e778b7808502f1c27498,Дом и сад: Системы безопасности
684,6a4af34a12c71eede5080d98b127bf3e,Здоровый образ жизни: Фитнес и упражнения: Бег
685,3a6fbaefd25a49db80c8d8db21f1c1d7,Еда и напитки: Инновации и тренды в кулинарии
686,1a9595342c12cdaa9c6589b98f1281cf,Массовая культура: Беременности знаменитостей
687,2a4e2848527b622b82996bd2136dd913,Недвижимость
688,dac4f2405e5f879dcae95128d552f651,Хобби и интересы: Мастер-классы
689,6a6c8bb16e1e1b5dbaf0eaaa4802b544,Карьера: Профориентация
690,9af08a3db20b15aec5b2eaaa15422e5a,Личные финансы: Финансовая помощь
691,2a67205d8725698ef55feee26dac4c4a,Медицина: Медицинские направления: Сексология
692,cafdd493ec8d3dfb336e9b7a770fe8f1,Информационные технологии: Дополненная реальность
693,3a84cf5e54a272f77470dd066f554edb,Фильмы и анимация: Мировой кинематограф
694,3a8760f7de25a13acc15ffb30081f13a,Семья и отношения: Смерть родственников
695,bac65df52eb9afe4647309fc52b43d0a,Карьера: Профориентация
696,bad0b5ee74d0870ea6b26d338e7939ed,Путешествия: Тип путешествия
697,7a9881aa71d49ff373610d98068a8c5a,Еда и напитки: Инновации и тренды в кулинарии
698,0ac1817349ccfc9cd7252a95e22eb087,Музыка и аудио: Мировые хиты
699,0ac24affcaad658a5bbe26650192069f,Хобби и интересы: Мастер-классы
700,9afea8dbd8a072961d67e2b83e3540d2,Массовая культура: Скандалы знаменитостей
701,aabedcb044b0c6b093e313377eeef77d,Карьера
702,0ac7ed0507b2364e40030d11bf52ee5d,Спорт: Олимпийские виды спорта: Зимние олимпийские виды спорта
703,6a956fd0e6f88ce9f7c67107cbe9c7db,Дом и сад: Ремонт
704,cb1b3d7e9960d273f787c7cd917bb9b8,Семья и отношения: Развод
705,aadd0148545dcd55612b33ec43c1e3cd,События и достопримечательности: Церемонии награждений
706,4ac3ae3413347e4bcaa66faf649e5cde,Спорт: Покер и профессиональные азартные игры
707,7ac20ce8e4820c0b8d17ced2754e8394,Здоровый образ жизни
708,fa7bdaa6ec0bcb973b7c013e7caaabf7,Хобби и интересы: Мастер-классы
709,1ad4048ab1da9df744715a8a99eac8b8,Карьера
710,6ab2b5c91e02ad530ac31f8e57e37af1,Стиль и красота: Высокая мода
711,8b28a50116d150a9fceb4b434f8db46f,Хобби и интересы: Антиквариат
712,aaf2e13f05c81070c65d52a4f9983c5d,Карьера: Удаленная работа
713,7ae8dba100ff92da051677318f1bcb60,Хобби и интересы: Антиквариат
714,4ae45fdfd387f5a00225798709fe0337,Карьера: Удаленная работа
715,6abe225b414e16aa14179c8f7b1cb7f1,События и достопримечательности: Церемонии награждений
716,9b5384b25be9360cefa6216723a0dfaa,Карьера: Поиск работы: Составление резюме
717,eada97df34b0c7cf108358eab0da007a,Семья и отношения: Смерть родственников
718,7b02129a2b38763399df6611fcdfcfd1,Здоровый образ жизни
719,cb66770e0ffdb610d3ac1d60cbaf0181,Хобби и интересы: Мастер-классы
720,ab2f5de056a6bc68509201c439ba060c,События и достопримечательности: Церемонии награждений
721,4b0aa4661e1946b05b7f87e20cbb0b95,Фильмы и анимация: Научно-фантастические фильмы
722,2ae34024d1a38e2a869d64520ed79f20,События и достопримечательности: Личные события: День рождения
723,fad073b8fda7519552a92ce7bf84ebd3,Здоровый образ жизни
724,6adf7c896799d0c5d63486af2d25078b,Стиль и красота: Красота: Натуральная и органическая косметика
725,cb718f23524eb08af2f8036eedc6b50c,Массовая культура: Беременности знаменитостей
726,cb7e0aee769f6a490d23f88ab171693d,Стиль и красота: Высокая мода
727,9b7a478e54005e2cc0e31d7bbae28a7f,Музыка и аудио: Мировые хиты
728,3b1309649ff64b03b77f9e6925fa458f,Здоровый образ жизни
729,2af42e54e82e38e1f0ff49c3a30d1f8c,Еда и напитки: Безалкогольные напитки
730,9b89829eacd9af5e345084b89913b179,Фильмы и анимация: Фильмы ужасов
731,9b8a5b893d1c620856d550b030161178,Музыка и аудио: Мировые хиты
732,ab4fd6b1799326c93fd2b490f5eb25f8,Семья и отношения: Холостая жизнь
733,cb8f4c48fd10af6768c3a89a5f9ab2f7,Спорт: Автогонки: Мотоспорт
734,4b2793722c0e2fc51a1f98e87a7de646,Хобби и интересы: Коллекционирование: Комиксы
735,3b23b8507c5cec618d524225353ab118,Хобби и интересы: Радиоуправление
736,bb5c7395ab533310e2951b09a914c4eb,Семья и отношения: Воспитание детей: Детские сады и дошкольные учреждения
737,cb96ea561a8b719e9733fa3571d147e4,Карьера: Профессиональная подготовка
738,6b1e47031bd0364b69d5223b8399b5b7,Хобби и интересы: Сигары
739,4b401117aa62d1d8a32fde35b34a4f64,Хобби и интересы: Мастер-классы
740,5b7121677eb2a2cd255404e24d878a13,Стиль и красота: Женская мода
741,9ba459ee2b3ce44098d484750d8496dd,Хобби и интересы: Коллекционирование: Марки и монеты
742,8babe9f02dea9b8a6b0b325448d50f9b,Спорт: Дартс
743,cba3447c0008cbf84f4ea9921ee87db8,Семья и отношения: Холостая жизнь
744,cbab3d32874e6363bbfaccc1c62eb540,Хобби и интересы: Антиквариат
745,7b62e32cf8684b72e31657e9c1ef0ca8,Спорт: Спортивное оборудование
746,7b62f571abf1fa310de74cf750c9d63e,События и достопримечательности: Музеи и галереи
747,0b73cea7b2dfdd7048dd84b95f8b9b0e,Музыка и аудио: Мировые хиты
748,fb11e767bbc2c8fcce5ee783f4402d6a,Спорт: Олимпийские виды спорта: Зимние олимпийские виды спорта
749,4b4b653136a2d799f037b79cf82ce680,Покупки: Лотереи и скретч-карты
750,ab8b3b63cc468cdb4d7270460c4f1027,Здоровый образ жизни
751,fb2824b7913bd1c7162db828820d26b2,Стиль и красота: Красота: Натуральная и органическая косметика
752,cbb6b777d33a57a337ffcf605bb1e8dd,Хобби и интересы: Коллекционирование: Марки и монеты
753,0b7834cc1bb493636600674074345998,Стиль и красота: Женская мода
754,3b69f98d51c1028633cff24c7d2937e0,Хобби и интересы: Мастер-классы
755,6b50ab14af5ed9408bc38a35b053f9e6,Спорт: Паралимпийские виды спорта
756,6b51eaa70b04514f577d1da1dd015739,Карьера: Стажировки
757,bb9b3b90eb1b76706dd0be8cb8ad53cc,Хобби и интересы: Мастер-классы
758,1b8c1e0f941d6d58368ca7956f097f14,Хобби и интересы: Коллекционирование: Комиксы
759,fb3623d18f3d568e9df23aac45816ada,Семья и отношения: Холостая жизнь
760,abb1909256d923ec705afe11a4a787a5,Медицина: Вакцины
761,bbb33f54d7fadca581e414ca53467323,Семья и отношения: Холостая жизнь
762,dbda0081f461bec23233da0fa6b3ecaf,Информационные технологии: Компьютеры и цифровые технологии: Интернет
763,6b68b1d3ad24394d5740f5edbc331d15,Еда и напитки: Безалкогольные напитки
764,8bfd7a3130ff067d594d8e3328a80f6f,Спорт: Экстремальные виды спорта: Скейтбординг
765,abd4bcb595037bdf605a8306016232af,Карьера: Профессиональная подготовка
766,7bb493e79dd64a9056aba9a4ef11f864,Музыка и аудио: Ретро хиты
767,eb98a0c9f32791fe2981dd119b4c38ba,Здоровый образ жизни: Методики оздоровления: Отказ от курения
768,3bb037f137368bea0b35524aad530e42,Путешествия: Направления путешествий: Австралия и Океания
769,5bcea8152fe04fd141d21bd843333b4f,Спорт: Олимпийские виды спорта: Летние олимпийские виды спорта
770,5bd5a7aa8c55725621e33bbed89a4c26,Карьера: Удаленная работа
771,0bbdcd822239ea2d32c0768364854fbb,Информационные технологии: Компьютеры и цифровые технологии: Настольные компьютеры
772,ebb18918a861827b0c4488bf435a5def,Новости и политика: Погода
773,2b8fcc124b15a2fa9440b86bed5a9ee3,Спорт: Покер и профессиональные азартные игры
774,cc1b895e46c14fbf7bc6d29fbbe434c3,Карьера: Профессиональная подготовка
775,8c1f8598bc1c50d681d793d6d8640086,Образование: Высшее образование: Бакалавриат
776,abf83e112c7baa6a8a88d488e7e9129f,Музыка и аудио: Регги
777,1bd67fa7af55c97961534de842e3945e,Музыка и аудио: Мировые хиты
778,7bdebb5a9ab141b4a9a27035489bfc21,Хобби и интересы: Антиквариат
779,cc30b743e3ea8f01ec34277c0ef33edd,Спорт: Автогонки
780,8c2a0b7d09395af2aa050bdef4a9fd58,Семья и отношения: Брак и гражданские союзы
781,9c34a0201aa9605fb67f9ee7383c236f,Спорт: Экстремальные виды спорта: Сноубординг
782,bc14c5f11e421777f7aad73a802146dd,Хобби и интересы: Антиквариат
783,dc3208fcb51770a0089170718ebfaabf,Образование: Домашнее обучение
784,6bc378f4e51856282634275ecd6e5180,События и достопримечательности: Национальные и государственные праздники
785,1c0258e20430ce9defb4e0f68b9b5d88,Образование: Высшее образование
786,3bf2e36c3963425263babe36b8dbd740,Спорт: Рыбалка
787,0c069f42ac98970c28d471d615e71f7b,Здоровый образ жизни: Методики оздоровления: Отказ от курения
788,4c1f850954adaaf0d7c85f7b581eba11,Дом и сад: Ремонт
789,bc4af7d0e39902793d1565777b8861f7,Карьера: Удаленная работа
790,ac3f04efe497bb892f29cfd4abd73115,Хобби и интересы: Фокусы и иллюзионизм
791,fbbc1b98d5064156307c1b4304c386ea,Семья и отношения: Холостая жизнь
792,fbbd10e0e69381ef8d56896392eef543,Карьера: Профессиональная подготовка
793,dc64cde6c0c15ba71ce648e778e9490f,Хобби и интересы: Декоративно-прикладное искусство: Бисероплетение
794,0c2c9f1343ba94ec3a28a131bdff8067,Карьера: Профессиональная подготовка
795,6bf94d251c70a6f6a299b41c335c8fd9,Семья и отношения
796,9c772ec6d4deadca9e0ea813b202ae83,Личные финансы: Страхование: Страхование жизни
797,5c54e574ac99f4b9ee073100944ba785,Транспорт: Авторемонт
798,dc7ede077ba8670fd1c86d1345bb07d0,Карьера: Профессиональная подготовка
799,ec11f06b252302961a74edc2e1285105,Музыка и аудио: Мировые хиты
800,cca7f30462f4557c052780b572baac29,Семья и отношения: Развод
801,7c610cfb544261d5212911ed308f7224,Недвижимость: Дома
802,3c562522e2fff930245e02270570209e,Семья и отношения: Холостая жизнь
803,1c6bc481dd52a9938e78e755f1e5c90e,Хобби и интересы: Мастер-классы
804,dca61ce0f891d9dc480fb718a3899bde,События и достопримечательности: Национальные и государственные праздники
805,ec48060a919cc8c49a97bbfe2c501c98,Фильмы и анимация: Мировой кинематограф
806,0c6e4cdaa192d1ae58b99bc9f35891b9,Личные финансы: Инвестиции: Паевые фонды
807,ccb75f5a05b93481fe95d0de668f7adb,Хобби и интересы: Фокусы и иллюзионизм
808,1c78f72bd8c56515486ad6a1eb464d7d,Хобби и интересы: Игры и головоломки
809,9cbc3cf610701511c42774984a4b6aa1,Животные: Кошки
810,2c32ef7b31d84f080c86e7278cb510f6,Путешествия: Тип путешествия: Однодневные поездки
811,3c870fcc822206e9f0882fb70744ed14,Семья и отношения: Развод
812,4c866aa742af11c4cf04867167c80e40,Стиль и красота: Высокая мода
813,8cc8785efca469cdb6fb6efdcd3421d2,Хобби и интересы: Антиквариат
814,dce6e574429d7f3f4614967f68357b4c,Семья и отношения: Смерть родственников
815,aca4ebe0d20fcbf240933b50207d3a47,Спорт: Конный спорт: Скачки
816,acb04fd235547a3640e9cf1629d7f982,Медицина: Медицинские направления: Психиатрия
817,ccd93abeea0eb8528925dea611b02993,Массовая культура: Смерти знаменитостей
818,2c5bdce3e9e2c8b9db713d9f2c196820,Медицина: Вакцины
819,6c6bb222f7e49160bc9801bbe33d6dc9,Образование: Домашнее обучение
820,acb668bb02bef73e6ec4ac0cf169a9e4,Семья и отношения: Брак и гражданские союзы
821,acba788b86a3bd559044aadc488455c3,Спорт: Гольф
822,acbdbc93e78c00586fc95a351671c1af,Массовая культура: Семьи знаменитостей
823,4ca4cd2fa4ec98ba74c7b78bf753d127,Спорт: Дартс
824,9cedc1131999fb216b3753037a2752cd,Путешествия: Тип путешествия: Путешествия на поезде
825,8cebb1825f7361351a1b876c6afb3a4f,Карьера: Профориентация
826,dd01560a54cd57da31effcb0d9f9ab35,События и достопримечательности: Личные события: День рождения
827,7cb224aee6ec825391025247b500a3c2,Хобби и интересы: Пчеловодство
828,7cbc48ff2268c09cb3e1cb33ef6b8af7,Спорт: Олимпийские виды спорта: Зимние олимпийские виды спорта
829,ec98a460d808210d04b391be66507bb4,Медицина: Вакцины
830,bced9d85826f5076a1064a4da6fc2f50,Семья и отношения: Брак и гражданские союзы
831,3cbdf1a7d2c4600866b2ee7acef454d9,Семья и отношения: Развод
832,4ccda842416c3349791afadb3efb9078,Массовая культура: Беременности знаменитостей
833,4cddc31e4e952b57e4212915e97c1045,Спорт: Студенческий спорт: Студенческий баскетбол
834,cd21c3788828082d2031662c96f41a2f,Еда и напитки: Мировые кухни
835,cd265f1ce527b7e679cda5ced22a5032,Хобби и интересы: Создание контента: Создание сценариев
836,5d01117127517d932d4d224b7663e17f,Карьера: Поиск работы: Составление резюме
837,3cd4675b5f7795057e8bea311dd14b9a,Семья и отношения: Смерть родственников
838,0cee2037e28ed045c425a6dbeca1bff2,Еда и напитки: Пищевые аллергии
839,6cb7ca6b74a21d07e30d777826e8824c,Книги и литература: Детская литература
840,7cec364c272e6d052c55ccb751ec6c57,Массовая культура: Беременности знаменитостей
841,9d37073c63008c784bf95a8a4d1715d5,Игры: Жанры видеоигр: Фитнес и упражнения
842,0cf954675163c4fe8f1313b6e6bb8c19,Еда и напитки: Ресторанная кухня
843,6cc126aeb3f470b591ef20d73c175c6d,Еда и напитки: Кулинария
844,6cc307bebba82e72560bc792c42c17dd,Путешествия: Подготовка к путешествиям
845,1d0f431c41252a7fac46f8f499b7bebc,Здоровый образ жизни: Мужское здоровье
846,fc9d6362ea8507f4884c5414eceb3a58,События и достопримечательности: Концерты и музыкальные мероприятия
847,fca5f02bb1fbb175f6f6c8b0a27de274,Спорт: Дартс
848,5d1703a002d39e209665d61881134245,Семья и отношения: Дейтинг
849,0d0cb2e712923b3bace3320beec9476e,Здоровый образ жизни: Фитнес и упражнения: Бег
850,ecf3013d9c807e1cf9bc2462662569c1,Путешествия: Тип путешествия: Кемпинг
851,dd7134857bbb976f085beaafcc817164,Животные: Зоотовары
852,3d09581a8dc3029466120aefbf610315,Еда и напитки: Здоровое питание
853,4d15322123c8bc87694b4a6d192e2eb0,Карьера: Профессиональная подготовка
854,fcaa1e5d463af89235be63a1fdb44fd0,Бизнес и финансы: Промышленность и сфера услуг: Розничная торговля
855,0d1a9fa41857d58c005ccde4ca517685,Здоровый образ жизни: Методики оздоровления: Отказ от курения
856,dd7d4e24343a105bd91a3ccd698c8908,Музыка и аудио: Мировые хиты
857,4d26095362048f3e22dbf648970bf38a,Еда и напитки: Мировые кухни
858,4d2ec45d7420f6128a355d859dfdad63,Фильмы и анимация: Боевики и приключенческие фильмы
859,3d1ea59037afbbe33d7c7b64f1e4f7c2,Хобби и интересы: Декоративно-прикладное искусство: Изготовление свечей и мыла
860,9d7556dfe0525974208de01561925d19,Карьера: Удаленная работа
861,bd5b2970015647a0530f91f65eb526f7,Медицина: Медицинские направления: Алкогольная и наркотическая зависимость
862,bd5c5ec17d29dff0da568a8990ba893b,Семья и отношения: Развод
863,ed20dcf747ac246a901cdee77481dfb8,Семья и отношения: Развод
864,2cf3241929c3a2e03d76cb90b6f7740b,Еда и напитки: Инновации и тренды в кулинарии
865,8d8989684f2213f87546c2383e971e95,Хобби и интересы: Мастер-классы
866,0d5137eb3278b721a353749a75252860,Фильмы и анимация: Мировой кинематограф
867,5d5c02dbb19fff18c3e5e7355a246a4b,Стиль и красота: Женская мода
868,3d4f700d85dbc7724d66a54bdd17bbde,Стиль и красота: Женская мода
869,ad7db469befd98b0186669ed9d9bfb02,Стиль и красота: Женская мода: Женская обувь
870,0d5b866fe07382f31b8668f0d1dafdf9,Здоровый образ жизни: Похудение
871,fd01e64be8aa3bb381d20aef7f98263f,Образование: Высшее образование
872,9da6585128a53892a786a211ea3c02ab,Транспорт: Мотоциклы
873,2d256d3ba0a68aeeb3699263750f2bd5,Еда и напитки: Мировые кухни
874,2d2b45bb4f4129749721c7f377a93de6,Медицина: Медицинские направления: Инфекционные заболевания
875,5d83e3a64f395100d95ca2daebeb6968,Еда и напитки: Мировые кухни
876,ad98350d88dacc307250b134a3dd6f90,Животные: Зоотовары
877,0d7b83b4d141158214acf42ab2ca0519,Хобби и интересы: Антиквариат
878,2d3c2aaf3ae0c94a04ec31cb7c384817,Карьера
879,cdbdbca08e9d2958f0ea197eb2e8b46d,Личные финансы: Финансовая помощь: Финансовая помощь студентам
880,cdc90d477196018169ed2f809be30abe,Игры: Киберспорт
881,ed84068e8b67a26f657c04c3f4801d07,Хобби и интересы: Мастер-классы
882,fd316c0e150c30ba2156f82e65bfea62,Еда и напитки: Инновации и тренды в кулинарии
883,bdab7ae4da55443d849a73d5f3ef6722,Фильмы и анимация: Семейные и детские фильмы
884,bdb3cd026497dca9905065d40e89ccfe,Новости и политика: Катастрофы
885,7d907b332f1212b4bf6453d8bfab7225,Медицина: Вакцины
886,7d9df053737f05d10292784c10921488,Спорт: Экстремальные виды спорта: Каякинг
887,8dca1eb89d5b2ec47419f7cd463221d7,Семья и отношения: Развод
888,5da9c135ea8ae68043fed8503d264593,Медицина: Вакцины
889,fd411e2c999ca8dde448014d563c9174,Еда и напитки: Барбекю и гриль
890,0dade416613c9961614dfb4513ff4461,События и достопримечательности: Личные события: Годовщина
891,adb756c83328fb3c08c90492e4d243e0,Еда и напитки: Безалкогольные напитки
892,6d73562b3c34aab0a5ac90d654c0bb3a,Карьера: Профессиональная подготовка
893,eda0ffa35630dfe51d58d3e0a01d66e7,Семья и отношения: Развод
894,adc89b4580b3d01f12491aeb32ec3642,Еда и напитки: Пищевые аллергии
895,add5551033214c114ac955f7dd845c90,Медицина: Вакцины
896,0db157b2a0b65848184bf65e3cb2a57d,Спорт: Конный спорт: Скачки
897,0db9125eb3a43a903066546eff25331f,Карьера: Профессиональная подготовка
898,de02c429617e319a47964da0b194f819,Хобби и интересы: Коллекционирование: Комиксы
899,1db856cf0ef82b11a4b85859a1ef0167,Спорт: Покер и профессиональные азартные игры
900,1dbc2732cedac20ab19cf7dbc17ce3b8,События и достопримечательности: Личные события: Выпускной в школе
901,cdf50f254837695760571ad3695c934d,Карьера: Профориентация
902,4dcb9f9020a21c09009298382932a142,Хобби и интересы: Мастер-классы
903,de15e5ab32b913d2e3c8075332a13623,Образование: Частные школы
904,8e0978e507af94e1961097b09dc8c079,Массовая культура: Беременности знаменитостей
905,fd776379882596084e8db969eb8ace78,События и достопримечательности: Национальные и государственные праздники
906,9e0fa22b4dccfa9d089bdf556dbc396c,Игры: Жанры видеоигр: Фитнес и упражнения
907,4dddf7e1d2686d40ecc9b4c8a7a2b1c2,Карьера: Профессиональная подготовка
908,4dde6825ed624629a70cdf234caf71f0,Транспорт: Мотоциклы
909,4dde6a302c85d40c41ab65bd1928164f,Хобби и интересы: Мастер-классы
910,3dc231d648df3dfd18b109131be791ca,Спорт: Студенческий спорт: Студенческий футбол
911,ce18ece82042d74cebed80778a1481f4,Бизнес и финансы: Бизнес: Проблемы потребителей
912,fd80ca4a5bede4614ca82be224c4b7f0,События и достопримечательности: Церемонии награждений
913,3de3fdfefe2ccf8ee2a55980ac660a32,Здоровый образ жизни: Методики оздоровления: Отказ от курения
914,1e0a5151efc26a3a8e038e132f6b80f4,Бизнес и финансы: Бизнес: Бизнес в ИТ
915,0e0cc6672f469d6800b53017c1296f60,Спорт: Автогонки: Мотоспорт
916,fdab98598407b22bdf49891fe3c02a60,Образование: Высшее образование: Бакалавриат
917,8e4cc70f69ebad492e62713200f19cdd,Спорт: Дартс
918,ee034386532cbd293cf9f52de995eca3,События и достопримечательности: Фан-конвенции
919,2dc87cc0bbb8275d1870da2f33cbdb12,Спорт: Охота и стрельба
920,9e5812c9b09a12e21412f17cbe8d2a95,Спорт: Студенческий спорт: Студенческий футбол
921,0e171c8779313353eab104bdae49acc6,Телевидение: Документальные каналы
922,0e22ec9e51bd98309b4fe6870c2ce9c8,Хобби и интересы: Фокусы и иллюзионизм
923,be3f93a1768d9c42364048984d3f19a3,Стиль и красота: Высокая мода
924,ee13dc70ee4d51d6809c216fc717b87b,Медицина: Вакцины
925,2dd6cb41f7aa5eb0fd1f21fe361957bf,Карьера: Профориентация
926,8e579517d439ea7371c72a9f2542e7a8,Образование: Частные школы
927,1e244ec5c0c85f9478a83695ac9add45,Недвижимость
928,0e2a1403a7bb53e14188ccb05bedd14a,Спорт: Дартс
929,8e64644f08be96fdecd4e428ca65e2b1,Спорт: Дартс
930,ae67acbddf5165b68ab7f5fa1ce9e198,Карьера: Планирование карьеры
931,ae710fb7848c9c104ad9eaa7315f5ae9,Здоровый образ жизни: Похудение
932,7e4876461bea7d558129ad1460c3a105,Стиль и красота: Красота: Натуральная и органическая косметика
933,ce9697edebdbec509944e8a010d91d0e,Музыка и аудио: Регги
934,5e6e5b9bdfc8154899021e0e4f8591f2,Здоровый образ жизни: Фитнес и упражнения: Бег
935,6e3c9fa6c4d9e77b0c43f0a2deb90554,Стиль и красота: Женская мода: Женская обувь
936,3e5597709ea64a34496d4ac047dfcb04,Игры: Жанры видеоигр: Фитнес и упражнения
937,fdffb6e8c447032af24a14169b29b2b1,Изобразительное искусство: Опера
938,9ec08b22c92b1b7f36bbd999b1cfa518,Карьера: Поиск работы: Составление резюме
939,9ec15689741e828cc47780342f3c2e74,Телевидение: Реалити-ТВ
940,ded01cbe504a5e08de64f0a01b082ea3,Здоровый образ жизни: Методики оздоровления: Отказ от курения
941,ded35ffe65135e06e72a196c950bc595,События и достопримечательности: События мира моды
942,4e9855effd2923569e0807b45cf575c6,Телевидение: Документальные каналы
943,aea05466f3520fb537673832767eb514,События и достопримечательности: Церемонии награждений
944,0e99ef446324a7db9272c3335004190f,Стиль и красота: Женская мода: Женская одежда
945,fe228dde20d045146cc98d21943aef05,Семья и отношения: Смерть родственников
946,3e6ed0e674aee621b7e9560d195d6ddc,Еда и напитки: Мировые кухни
947,3e73c40dca86b8e0b02503b57c8ea8b1,Животные: Крупные животные
948,8eab6685388f520a44e7cb12f3835211,Информационные технологии: Компьютеры и цифровые технологии: Интернет
949,ee790535ee3a8b9c1178a140eb7476b3,Семья и отношения: Смерть родственников
950,2e4c7dae0c99f47839880e2da7fc6769,Семья и отношения: Развод
951,2e4eca888ca4bb3fc09f967fcc500eb2,Медицина: Вакцины
952,4eb06f99454c858a0966e4b8079d6849,Массовая культура: Смерти знаменитостей
953,0ea016128113476c741eba66ecbb5f0a,Еда и напитки: Безалкогольные напитки
954,1e922b7daeef2358f82b263533d450ac,Еда и напитки: Мировые кухни
955,fe34761a2b8bd60a808b3f9bbaac5062,Карьера: Удаленная работа
956,2e57018a4e5282ee4378f4ae7d412682,Массовая культура: Скандалы знаменитостей
957,2e5e72cbea39eecffee4a175b1ce22fd,Стиль и красота: Красота: Натуральная и органическая косметика
958,defa1d5d2b9e5b755231db6cab027b5d,Хобби и интересы: Антиквариат
959,aeb893cb3f7052c8747bfece6e814e86,Хобби и интересы: Антиквариат
960,aec278cd636818fa15e899bac9969388,События и достопримечательности: Личные события: Выпускной в университете
961,9ef98cb20ba158e160b41c4085cc9314,Хобби и интересы: Радиоуправление
962,6e8713638e4ed713a94524844ee0acaf,Спорт: Крикет
963,df0753e4826d5e4a695f5bdd1a4af343,Хобби и интересы: Мастер-классы
964,cef156bf92b28e04db716e2e72c50b7f,Медицина: Медицинские направления: Нарушения сна
965,1ea9081352700dd78ee4efae44f905db,Семья и отношения: Развод
966,8eda95733c444169775d0f8f7beaca7a,Спорт: Пляжный волейбол
967,aedaec1546fe67eac84b48aa333412d2,Здоровый образ жизни: Методики оздоровления
968,aee5c79a7ab504a3240dfdfaa9c7bb3d,Здоровый образ жизни: Методики оздоровления: Отказ от курения
969,9f16f338142a0bd3bd9c05ac133f5bcd,Здоровый образ жизни: Методики оздоровления: Отказ от курения
970,1ec391b3afbbb417a13d3e0db926faa7,Карьера: Профессиональная подготовка
971,df3020c8a9b36ee99a0bc69936b202c0,Карьера
972,bef1531fa736b146c2585f2ce4c56afb,Образование: Высшее образование: Бакалавриат
973,eec53be52f24e2c250a1f3702316cfdd,Еда и напитки: Барбекю и гриль
974,aef4504fadbfa3ff06200026534997a2,Семья и отношения: Холостая жизнь
975,7ed87cad7ce32737e0a7d03d84434df7,Спорт: Олимпийские виды спорта: Зимние олимпийские виды спорта
976,7edb20afefb1a3d24545574f1a24ef0f,Медицина: Вакцины
977,3ec26b67015f2dbcb8addddd2e8ffab2,Образование: Среднее образование
978,3ec7c2b092514dc4ebeaa3036fe9857c,Хобби и интересы: Мастер-классы
979,bf04a039f7ded49e93747ac5318d02bf,Семья и отношения: Развод
980,2eb66cbfde5fd77eb83a95ae24d68d21,События и достопримечательности: Церемонии награждений
981,fe7e4145e09318582c6cd9442427ccd3,Хобби и интересы: Антиквариат
982,fe8ac2d7f57582ac5665692813d76efa,Еда и напитки: Безалкогольные напитки
983,cf3ef0b2d6227ad372a9b7dcb6cb2df3,Хобби и интересы: Антиквариат
984,7eea6fd42f02dc39374ac551e9cb0661,Транспорт: Авторемонт
985,7eecbd10bdaa596c2921ecb9bf7dbf69,Семья и отношения: Смерть родственников
986,0f0c6bdc92c5e36dd49883ab3622b52c,Медицина: Медицинские направления: Инфекционные заболевания
987,1eed890f769711c1a21300fa3db33334,Массовая культура: Скандалы знаменитостей
988,8f226e80d99928c338baff96696eb906,Путешествия: Тип путешествия: Семейный отдых
989,5f0b1324e63114242cf9e4dd8cc2ac38,Еда и напитки: Пищевые аллергии
990,5f0cf3cc326756774a709e60e2f9876c,Хобби и интересы: Антиквариат
991,5f13eb105db5ddd1bef7d77f3bfa6a25,Наука: Космос и астрономия
992,4f2700b0c7a692679839a3c13a640579,Хобби и интересы: Мастер-классы
993,fe9a58e50837b1959c03e5746e9b7992,События и достопримечательности: Фан-конвенции
994,df635402135e4ee4f14188be19f35c83,Путешествия: Тип путешествия: Однодневные поездки
995,eefbb6590bb90f2de3904ffaeabf6fb6,Стиль и красота: Красота: Маникюр
996,4f39aaab9c0c4289e53da683b84c3d65,Стиль и красота: Высокая мода
997,6eff73bd7c0825e1d2ebe1d61679b41a,Хобби и интересы: Мастер-классы
998,7f0c852231333d9b6c7d99307334de83,Хобби и интересы: Коллекционирование: Марки и монеты
999,af2299ab084082ed223200e7e10017dc,Здоровый образ жизни: Методики оздоровления: Отказ от курения
1000,1f17968167d4b0487cdebb6a67b4f148,Недвижимость
1001,9f7472406101a634e3f630ae0943ffa7,Семья и отношения: Холостая жизнь
1002,ef119ea5de8eeef8d4985d152e980ddb,Хобби и интересы: Антиквариат
1003,4f3bce6444f79cabef35ff82042cfe7a,Информационные технологии: Компьютеры и цифровые технологии: Хранение данных
1004,7f2c96af903c87a5b4a88759e6538ec6,Медицина: Медицинские направления: Расстройства пищеварения
1005,2ef3ec7442459323bfb283992ffe001f,Музыка и аудио: Мировые хиты
1006,1f4038d52c0388419fffc0004204106e,Хобби и интересы: Пчеловодство
1007,6f3dc36622c11bfbfeaea779c194a5c2,Хобби и интересы: Антиквариат
1008,7f4a68a6117ec2340bb69cd24c5d18e6,Медицина: Медицинские направления: Алкогольная и наркотическая зависимость
1009,8f649058bbdafed5e31d07cb0176f436,Здоровый образ жизни: Мужское здоровье
1010,8f6c6b5b5c8d98c1e9a22d192ec5182e,Транспорт: Мотоциклы
1011,af55e305efa083a71b3de566a9947d71,Еда и напитки: Инновации и тренды в кулинарии
1012,0f73958b7266131eb83707f0f4850c65,Информационные технологии: Компьютеры и цифровые технологии: Настольные компьютеры
1013,0f790686916874c2e5ca0382f4276bce,Спорт: Рыбалка
1014,dfcc4bf272bb44a8b8624a22563ab779,Семья и отношения: Развод
1015,3f3a30c842dc7a468245b86b30c530d0,Спорт: Крикет
1016,0f88b5afbb77a356de0b7567713149b3,Хобби и интересы: Радиоуправление
1017,ff022886234c3354531564dc3c154a13,Спорт: Автогонки: Мотоспорт
1018,4f87f052e7e0a2718e3c051261417829,Карьера: Профессиональная подготовка
1019,cfb0bd0b45bdfb65799323ec243ca429,Еда и напитки: Ресторанная кухня
1020,ff1203c5d2cdf49d7235a3db1f616402,Семья и отношения: Развод
1021,bfa50133c4316fea88c2175835f4f761,Транспорт: Типы кузова автомобиля: Минивэн
1022,0fa2c2b0938c3b5e3ce9b191e455f2d6,Хобби и интересы: Декоративно-прикладное искусство: Бисероплетение
1023,cfbf2c07fa7ceb3b29ece9caca9ca369,Семья и отношения: Холостая жизнь
1024,2f4bd0532525895de06ac9411287cc33,Карьера: Профессиональная подготовка
1025,bfb52b8a50a2034704dd08473c17ec6b,Еда и напитки: Инновации и тренды в кулинарии
1026,3f6e4aa060e1a873a199e35bedb0916d,Карьера: Профессиональная подготовка
1027,6f92f3089409381d2356ea04bd457c93,Музыка и аудио: Регги
1028,dff6cb4b67ade7de92e54dc801796762,Музыка и аудио: Мировые хиты
1029,afa026a9e435b0675518e2ba944526d4,Хобби и интересы: Антиквариат
1030,ff35fc896c5b93f1f0272bac7efb097c,Здоровый образ жизни: Фитнес и упражнения: Бег
1031,bfbf94f953b2d075a84686f5ef81a076,Транспорт: Типы кузова автомобиля: Купе
1032,ff484ba5c07baefad0b691f4b0955e20,Спорт: Велоспорт
1033,2f6be0a89ed03d5ad2a91165d728322e,Фильмы и анимация: Драмы
1034,5fbc221f3df6cff73f2d272ac16aeea3,Телевидение: Спортивные каналы
1035,afc99aace8253f2c7d5bdca6471a670a,Спорт: Покер и профессиональные азартные игры
1036,d002162647d20cac52ff2cdbc66ab7e4,Массовая культура: Беременности знаменитостей
1037,2f841d8ea7c9850785024d7f5baf842d,Еда и напитки: Инновации и тренды в кулинарии
1038,8feba20ad972100bde33982498ee0148,Путешествия: Подготовка к путешествиям
1039,3fb2a25286fa29be587f8812d09c6491,Стиль и красота: Женская мода
1040,1fc3cbd9d4c0255ad64b407a4e813521,Хобби и интересы: Радиоуправление
1041,d005041ed16c5cb37540d062f365d6f6,Хобби и интересы: Антиквариат
1042,efbf4d7056c307e2dfaf8a5a1d12f615,Семья и отношения: Смерть родственников
1043,4fe956b5fd39479dc3e4165711566f07,Массовая культура
1044,5fe16aa2869667bc1519e32a4c536b26,Семья и отношения: Смерть родственников
1045,4ffa5fbb2a410aa841659d8890ae5e3f,Еда и напитки: Инновации и тренды в кулинарии
1046,3fc81df4bfe121ce2bc33dd581f5efeb,Массовая культура: Скандалы знаменитостей
1047,efe0b4139ef82ec270b9e2fe0216214e,Музыка и аудио: Рок музыка: Легкий рок
1048,fff1ef66d848bc8987ac5126f05b053b,Спорт: Дартс
